{"__meta":{"schema_version":3,"schema_name":"DeepLearningModelV3","schema_type":"DeepLearningModel"},"model_id":{"__meta":{"schema_version":3,"schema_name":"ModelKeyV3","schema_type":"Key<Model>"},"name":"DeepLearning_model_R_1595059034637_343","type":"Key<Model>","URL":"/3/Models/DeepLearning_model_R_1595059034637_343"},"algo":"deeplearning","algo_full_name":"Deep Learning","response_column_name":"response","data_frame":{"__meta":{"schema_version":3,"schema_name":"FrameKeyV3","schema_type":"Key<Frame>"},"name":"df.to_sid_90c0_4373","type":"Key<Frame>","URL":"/3/Frames/df.to_sid_90c0_4373"},"timestamp":1595093626040,"have_pojo":true,"have_mojo":true,"algo":"deeplearning","algo_full_name":"Deep Learning","model_id":{"__meta":{"schema_version":3,"schema_name":"ModelKeyV3","schema_type":"Key<Model>"},"name":"DeepLearning_model_R_1595059034637_343","type":"Key<Model>","URL":"/3/Models/DeepLearning_model_R_1595059034637_343"},"parameters":[{"__meta":{"schema_version":3,"schema_name":"ModelParameterSchemaV3","schema_type":"Iced"},"name":"model_id","label":"model_id","help":"Destination id for this model; auto-generated if not specified.","required":false,"type":"Key<Model>","default_value":null,"actual_value":{"__meta":{"schema_version":3,"schema_name":"ModelKeyV3","schema_type":"Key<Model>"},"name":"DeepLearning_model_R_1595059034637_343","type":"Key<Model>","URL":"/3/Models/DeepLearning_model_R_1595059034637_343"},"level":"critical","values":[],"is_member_of_frames":[],"is_mutually_exclusive_with":[],"gridable":false},{"__meta":{"schema_version":3,"schema_name":"ModelParameterSchemaV3","schema_type":"Iced"},"name":"training_frame","label":"training_frame","help":"Id of the training data frame.","required":false,"type":"Key<Frame>","default_value":null,"actual_value":null,"level":"critical","values":[],"is_member_of_frames":[],"is_mutually_exclusive_with":[],"gridable":false},{"__meta":{"schema_version":3,"schema_name":"ModelParameterSchemaV3","schema_type":"Iced"},"name":"validation_frame","label":"validation_frame","help":"Id of the validation data frame.","required":false,"type":"Key<Frame>","default_value":null,"actual_value":null,"level":"critical","values":[],"is_member_of_frames":[],"is_mutually_exclusive_with":[],"gridable":true},{"__meta":{"schema_version":3,"schema_name":"ModelParameterSchemaV3","schema_type":"Iced"},"name":"nfolds","label":"nfolds","help":"Number of folds for K-fold cross-validation (0 to disable or >= 2).","required":false,"type":"int","default_value":0,"actual_value":0,"level":"critical","values":[],"is_member_of_frames":[],"is_mutually_exclusive_with":[],"gridable":false},{"__meta":{"schema_version":3,"schema_name":"ModelParameterSchemaV3","schema_type":"Iced"},"name":"keep_cross_validation_models","label":"keep_cross_validation_models","help":"Whether to keep the cross-validation models.","required":false,"type":"boolean","default_value":true,"actual_value":true,"level":"expert","values":[],"is_member_of_frames":[],"is_mutually_exclusive_with":[],"gridable":false},{"__meta":{"schema_version":3,"schema_name":"ModelParameterSchemaV3","schema_type":"Iced"},"name":"keep_cross_validation_predictions","label":"keep_cross_validation_predictions","help":"Whether to keep the predictions of the cross-validation models.","required":false,"type":"boolean","default_value":false,"actual_value":false,"level":"expert","values":[],"is_member_of_frames":[],"is_mutually_exclusive_with":[],"gridable":false},{"__meta":{"schema_version":3,"schema_name":"ModelParameterSchemaV3","schema_type":"Iced"},"name":"keep_cross_validation_fold_assignment","label":"keep_cross_validation_fold_assignment","help":"Whether to keep the cross-validation fold assignment.","required":false,"type":"boolean","default_value":false,"actual_value":false,"level":"expert","values":[],"is_member_of_frames":[],"is_mutually_exclusive_with":[],"gridable":false},{"__meta":{"schema_version":3,"schema_name":"ModelParameterSchemaV3","schema_type":"Iced"},"name":"fold_assignment","label":"fold_assignment","help":"Cross-validation fold assignment scheme, if fold_column is not specified. The 'Stratified' option will stratify the folds based on the response variable, for classification problems.","required":false,"type":"enum","default_value":"AUTO","actual_value":"AUTO","level":"secondary","values":["AUTO","Random","Modulo","Stratified"],"is_member_of_frames":[],"is_mutually_exclusive_with":[],"gridable":true},{"__meta":{"schema_version":3,"schema_name":"ModelParameterSchemaV3","schema_type":"Iced"},"name":"fold_column","label":"fold_column","help":"Column with cross-validation fold index assignment per observation.","required":false,"type":"VecSpecifier","default_value":null,"actual_value":null,"level":"secondary","values":[],"is_member_of_frames":["training_frame"],"is_mutually_exclusive_with":["response_column","weights_column","ignored_columns","offset_column"],"gridable":true},{"__meta":{"schema_version":3,"schema_name":"ModelParameterSchemaV3","schema_type":"Iced"},"name":"response_column","label":"response_column","help":"Response variable column.","required":false,"type":"VecSpecifier","default_value":null,"actual_value":{"__meta":{"schema_version":3,"schema_name":"ColSpecifierV3","schema_type":"VecSpecifier"},"column_name":"response","is_member_of_frames":null},"level":"critical","values":[],"is_member_of_frames":["training_frame","validation_frame"],"is_mutually_exclusive_with":["weights_column","ignored_columns","offset_column","fold_column"],"gridable":true},{"__meta":{"schema_version":3,"schema_name":"ModelParameterSchemaV3","schema_type":"Iced"},"name":"ignored_columns","label":"ignored_columns","help":"Names of columns to ignore for training.","required":false,"type":"string[]","default_value":null,"actual_value":[""],"level":"critical","values":[],"is_member_of_frames":["training_frame","validation_frame"],"is_mutually_exclusive_with":["response_column","weights_column","offset_column","fold_column"],"gridable":false},{"__meta":{"schema_version":3,"schema_name":"ModelParameterSchemaV3","schema_type":"Iced"},"name":"ignore_const_cols","label":"ignore_const_cols","help":"Ignore constant columns.","required":false,"type":"boolean","default_value":true,"actual_value":true,"level":"critical","values":[],"is_member_of_frames":[],"is_mutually_exclusive_with":[],"gridable":false},{"__meta":{"schema_version":3,"schema_name":"ModelParameterSchemaV3","schema_type":"Iced"},"name":"score_each_iteration","label":"score_each_iteration","help":"Whether to score during each iteration of model training.","required":false,"type":"boolean","default_value":false,"actual_value":false,"level":"secondary","values":[],"is_member_of_frames":[],"is_mutually_exclusive_with":[],"gridable":false},{"__meta":{"schema_version":3,"schema_name":"ModelParameterSchemaV3","schema_type":"Iced"},"name":"weights_column","label":"weights_column","help":"Column with observation weights. Giving some observation a weight of zero is equivalent to excluding it from the dataset; giving an observation a relative weight of 2 is equivalent to repeating that row twice. Negative weights are not allowed. Note: Weights are per-row observation weights and do not increase the size of the data frame. This is typically the number of times a row is repeated, but non-integer values are supported as well. During training, rows with higher weights matter more, due to the larger loss function pre-factor.","required":false,"type":"VecSpecifier","default_value":null,"actual_value":null,"level":"secondary","values":[],"is_member_of_frames":["training_frame","validation_frame"],"is_mutually_exclusive_with":["response_column","ignored_columns","offset_column","fold_column"],"gridable":true},{"__meta":{"schema_version":3,"schema_name":"ModelParameterSchemaV3","schema_type":"Iced"},"name":"offset_column","label":"offset_column","help":"Offset column. This will be added to the combination of columns before applying the link function.","required":false,"type":"VecSpecifier","default_value":null,"actual_value":null,"level":"secondary","values":[],"is_member_of_frames":["training_frame","validation_frame"],"is_mutually_exclusive_with":["response_column","weights_column","ignored_columns","fold_column"],"gridable":true},{"__meta":{"schema_version":3,"schema_name":"ModelParameterSchemaV3","schema_type":"Iced"},"name":"balance_classes","label":"balance_classes","help":"Balance training data class counts via over/under-sampling (for imbalanced data).","required":false,"type":"boolean","default_value":false,"actual_value":false,"level":"secondary","values":[],"is_member_of_frames":[],"is_mutually_exclusive_with":[],"gridable":true},{"__meta":{"schema_version":3,"schema_name":"ModelParameterSchemaV3","schema_type":"Iced"},"name":"class_sampling_factors","label":"class_sampling_factors","help":"Desired over/under-sampling ratios per class (in lexicographic order). If not specified, sampling factors will be automatically computed to obtain class balance during training. Requires balance_classes.","required":false,"type":"float[]","default_value":null,"actual_value":null,"level":"expert","values":[],"is_member_of_frames":[],"is_mutually_exclusive_with":[],"gridable":true},{"__meta":{"schema_version":3,"schema_name":"ModelParameterSchemaV3","schema_type":"Iced"},"name":"max_after_balance_size","label":"max_after_balance_size","help":"Maximum relative size of the training data after balancing class counts (can be less than 1.0). Requires balance_classes.","required":false,"type":"float","default_value":5.0,"actual_value":5.0,"level":"expert","values":[],"is_member_of_frames":[],"is_mutually_exclusive_with":[],"gridable":false},{"__meta":{"schema_version":3,"schema_name":"ModelParameterSchemaV3","schema_type":"Iced"},"name":"max_confusion_matrix_size","label":"max_confusion_matrix_size","help":"[Deprecated] Maximum size (# classes) for confusion matrices to be printed in the Logs.","required":false,"type":"int","default_value":20,"actual_value":20,"level":"secondary","values":[],"is_member_of_frames":[],"is_mutually_exclusive_with":[],"gridable":false},{"__meta":{"schema_version":3,"schema_name":"ModelParameterSchemaV3","schema_type":"Iced"},"name":"max_hit_ratio_k","label":"max_hit_ratio_k","help":"Max. number (top K) of predictions to use for hit ratio computation (for multi-class only, 0 to disable).","required":false,"type":"int","default_value":0,"actual_value":0,"level":"secondary","values":[],"is_member_of_frames":[],"is_mutually_exclusive_with":[],"gridable":true},{"__meta":{"schema_version":3,"schema_name":"ModelParameterSchemaV3","schema_type":"Iced"},"name":"checkpoint","label":"checkpoint","help":"Model checkpoint to resume training with.","required":false,"type":"Key<Model>","default_value":null,"actual_value":null,"level":"secondary","values":[],"is_member_of_frames":[],"is_mutually_exclusive_with":[],"gridable":false},{"__meta":{"schema_version":3,"schema_name":"ModelParameterSchemaV3","schema_type":"Iced"},"name":"pretrained_autoencoder","label":"pretrained_autoencoder","help":"Pretrained autoencoder model to initialize this model with.","required":false,"type":"Key<Model>","default_value":null,"actual_value":null,"level":"expert","values":[],"is_member_of_frames":[],"is_mutually_exclusive_with":[],"gridable":false},{"__meta":{"schema_version":3,"schema_name":"ModelParameterSchemaV3","schema_type":"Iced"},"name":"overwrite_with_best_model","label":"overwrite_with_best_model","help":"If enabled, override the final model with the best model found during training.","required":false,"type":"boolean","default_value":true,"actual_value":true,"level":"expert","values":[],"is_member_of_frames":[],"is_mutually_exclusive_with":[],"gridable":true},{"__meta":{"schema_version":3,"schema_name":"ModelParameterSchemaV3","schema_type":"Iced"},"name":"use_all_factor_levels","label":"use_all_factor_levels","help":"Use all factor levels of categorical variables. Otherwise, the first factor level is omitted (without loss of accuracy). Useful for variable importances and auto-enabled for autoencoder.","required":false,"type":"boolean","default_value":true,"actual_value":true,"level":"secondary","values":[],"is_member_of_frames":[],"is_mutually_exclusive_with":[],"gridable":true},{"__meta":{"schema_version":3,"schema_name":"ModelParameterSchemaV3","schema_type":"Iced"},"name":"standardize","label":"standardize","help":"If enabled, automatically standardize the data. If disabled, the user must provide properly scaled input data.","required":false,"type":"boolean","default_value":true,"actual_value":true,"level":"secondary","values":[],"is_member_of_frames":[],"is_mutually_exclusive_with":[],"gridable":true},{"__meta":{"schema_version":3,"schema_name":"ModelParameterSchemaV3","schema_type":"Iced"},"name":"activation","label":"activation","help":"Activation function.","required":false,"type":"enum","default_value":"Rectifier","actual_value":"Rectifier","level":"critical","values":["Tanh","TanhWithDropout","Rectifier","RectifierWithDropout","Maxout","MaxoutWithDropout"],"is_member_of_frames":[],"is_mutually_exclusive_with":[],"gridable":true},{"__meta":{"schema_version":3,"schema_name":"ModelParameterSchemaV3","schema_type":"Iced"},"name":"hidden","label":"hidden","help":"Hidden layer sizes (e.g. [100, 100]).","required":false,"type":"int[]","default_value":[200,200],"actual_value":[200,200],"level":"critical","values":[],"is_member_of_frames":[],"is_mutually_exclusive_with":[],"gridable":true},{"__meta":{"schema_version":3,"schema_name":"ModelParameterSchemaV3","schema_type":"Iced"},"name":"epochs","label":"epochs","help":"How many times the dataset should be iterated (streamed), can be fractional.","required":false,"type":"double","default_value":10.0,"actual_value":10000.0,"level":"critical","values":[],"is_member_of_frames":[],"is_mutually_exclusive_with":[],"gridable":true},{"__meta":{"schema_version":3,"schema_name":"ModelParameterSchemaV3","schema_type":"Iced"},"name":"train_samples_per_iteration","label":"train_samples_per_iteration","help":"Number of training samples (globally) per MapReduce iteration. Special values are 0: one epoch, -1: all available data (e.g., replicated training data), -2: automatic.","required":false,"type":"long","default_value":-2,"actual_value":-2,"level":"secondary","values":[],"is_member_of_frames":[],"is_mutually_exclusive_with":[],"gridable":true},{"__meta":{"schema_version":3,"schema_name":"ModelParameterSchemaV3","schema_type":"Iced"},"name":"target_ratio_comm_to_comp","label":"target_ratio_comm_to_comp","help":"Target ratio of communication overhead to computation. Only for multi-node operation and train_samples_per_iteration = -2 (auto-tuning).","required":false,"type":"double","default_value":0.05,"actual_value":0.05,"level":"expert","values":[],"is_member_of_frames":[],"is_mutually_exclusive_with":[],"gridable":true},{"__meta":{"schema_version":3,"schema_name":"ModelParameterSchemaV3","schema_type":"Iced"},"name":"seed","label":"seed","help":"Seed for random numbers (affects sampling) - Note: only reproducible when running single threaded.","required":false,"type":"long","default_value":-1,"actual_value":-222770223360760179,"level":"expert","values":[],"is_member_of_frames":[],"is_mutually_exclusive_with":[],"gridable":true},{"__meta":{"schema_version":3,"schema_name":"ModelParameterSchemaV3","schema_type":"Iced"},"name":"adaptive_rate","label":"adaptive_rate","help":"Adaptive learning rate.","required":false,"type":"boolean","default_value":true,"actual_value":true,"level":"secondary","values":[],"is_member_of_frames":[],"is_mutually_exclusive_with":[],"gridable":true},{"__meta":{"schema_version":3,"schema_name":"ModelParameterSchemaV3","schema_type":"Iced"},"name":"rho","label":"rho","help":"Adaptive learning rate time decay factor (similarity to prior updates).","required":false,"type":"double","default_value":0.99,"actual_value":0.99,"level":"expert","values":[],"is_member_of_frames":[],"is_mutually_exclusive_with":[],"gridable":true},{"__meta":{"schema_version":3,"schema_name":"ModelParameterSchemaV3","schema_type":"Iced"},"name":"epsilon","label":"epsilon","help":"Adaptive learning rate smoothing factor (to avoid divisions by zero and allow progress).","required":false,"type":"double","default_value":1.0E-8,"actual_value":1.0E-8,"level":"expert","values":[],"is_member_of_frames":[],"is_mutually_exclusive_with":[],"gridable":true},{"__meta":{"schema_version":3,"schema_name":"ModelParameterSchemaV3","schema_type":"Iced"},"name":"rate","label":"rate","help":"Learning rate (higher => less stable, lower => slower convergence).","required":false,"type":"double","default_value":0.005,"actual_value":0.005,"level":"expert","values":[],"is_member_of_frames":[],"is_mutually_exclusive_with":[],"gridable":true},{"__meta":{"schema_version":3,"schema_name":"ModelParameterSchemaV3","schema_type":"Iced"},"name":"rate_annealing","label":"rate_annealing","help":"Learning rate annealing: rate / (1 + rate_annealing * samples).","required":false,"type":"double","default_value":1.0E-6,"actual_value":1.0E-6,"level":"expert","values":[],"is_member_of_frames":[],"is_mutually_exclusive_with":[],"gridable":true},{"__meta":{"schema_version":3,"schema_name":"ModelParameterSchemaV3","schema_type":"Iced"},"name":"rate_decay","label":"rate_decay","help":"Learning rate decay factor between layers (N-th layer: rate * rate_decay ^ (n - 1).","required":false,"type":"double","default_value":1.0,"actual_value":1.0,"level":"expert","values":[],"is_member_of_frames":[],"is_mutually_exclusive_with":[],"gridable":true},{"__meta":{"schema_version":3,"schema_name":"ModelParameterSchemaV3","schema_type":"Iced"},"name":"momentum_start","label":"momentum_start","help":"Initial momentum at the beginning of training (try 0.5).","required":false,"type":"double","default_value":0.0,"actual_value":0.0,"level":"expert","values":[],"is_member_of_frames":[],"is_mutually_exclusive_with":[],"gridable":true},{"__meta":{"schema_version":3,"schema_name":"ModelParameterSchemaV3","schema_type":"Iced"},"name":"momentum_ramp","label":"momentum_ramp","help":"Number of training samples for which momentum increases.","required":false,"type":"double","default_value":1000000.0,"actual_value":1000000.0,"level":"expert","values":[],"is_member_of_frames":[],"is_mutually_exclusive_with":[],"gridable":true},{"__meta":{"schema_version":3,"schema_name":"ModelParameterSchemaV3","schema_type":"Iced"},"name":"momentum_stable","label":"momentum_stable","help":"Final momentum after the ramp is over (try 0.99).","required":false,"type":"double","default_value":0.0,"actual_value":0.0,"level":"expert","values":[],"is_member_of_frames":[],"is_mutually_exclusive_with":[],"gridable":true},{"__meta":{"schema_version":3,"schema_name":"ModelParameterSchemaV3","schema_type":"Iced"},"name":"nesterov_accelerated_gradient","label":"nesterov_accelerated_gradient","help":"Use Nesterov accelerated gradient (recommended).","required":false,"type":"boolean","default_value":true,"actual_value":true,"level":"expert","values":[],"is_member_of_frames":[],"is_mutually_exclusive_with":[],"gridable":true},{"__meta":{"schema_version":3,"schema_name":"ModelParameterSchemaV3","schema_type":"Iced"},"name":"input_dropout_ratio","label":"input_dropout_ratio","help":"Input layer dropout ratio (can improve generalization, try 0.1 or 0.2).","required":false,"type":"double","default_value":0.0,"actual_value":0.0,"level":"secondary","values":[],"is_member_of_frames":[],"is_mutually_exclusive_with":[],"gridable":true},{"__meta":{"schema_version":3,"schema_name":"ModelParameterSchemaV3","schema_type":"Iced"},"name":"hidden_dropout_ratios","label":"hidden_dropout_ratios","help":"Hidden layer dropout ratios (can improve generalization), specify one value per hidden layer, defaults to 0.5.","required":false,"type":"double[]","default_value":null,"actual_value":null,"level":"secondary","values":[],"is_member_of_frames":[],"is_mutually_exclusive_with":[],"gridable":true},{"__meta":{"schema_version":3,"schema_name":"ModelParameterSchemaV3","schema_type":"Iced"},"name":"l1","label":"l1","help":"L1 regularization (can add stability and improve generalization, causes many weights to become 0).","required":false,"type":"double","default_value":0.0,"actual_value":0.0,"level":"secondary","values":[],"is_member_of_frames":[],"is_mutually_exclusive_with":[],"gridable":true},{"__meta":{"schema_version":3,"schema_name":"ModelParameterSchemaV3","schema_type":"Iced"},"name":"l2","label":"l2","help":"L2 regularization (can add stability and improve generalization, causes many weights to be small.","required":false,"type":"double","default_value":0.0,"actual_value":0.0,"level":"secondary","values":[],"is_member_of_frames":[],"is_mutually_exclusive_with":[],"gridable":true},{"__meta":{"schema_version":3,"schema_name":"ModelParameterSchemaV3","schema_type":"Iced"},"name":"max_w2","label":"max_w2","help":"Constraint for squared sum of incoming weights per unit (e.g. for Rectifier).","required":false,"type":"float","default_value":3.4028235E38,"actual_value":3.4028235E38,"level":"expert","values":[],"is_member_of_frames":[],"is_mutually_exclusive_with":[],"gridable":true},{"__meta":{"schema_version":3,"schema_name":"ModelParameterSchemaV3","schema_type":"Iced"},"name":"initial_weight_distribution","label":"initial_weight_distribution","help":"Initial weight distribution.","required":false,"type":"enum","default_value":"UniformAdaptive","actual_value":"UniformAdaptive","level":"expert","values":["UniformAdaptive","Uniform","Normal"],"is_member_of_frames":[],"is_mutually_exclusive_with":[],"gridable":true},{"__meta":{"schema_version":3,"schema_name":"ModelParameterSchemaV3","schema_type":"Iced"},"name":"initial_weight_scale","label":"initial_weight_scale","help":"Uniform: -value...value, Normal: stddev.","required":false,"type":"double","default_value":1.0,"actual_value":1.0,"level":"expert","values":[],"is_member_of_frames":[],"is_mutually_exclusive_with":[],"gridable":true},{"__meta":{"schema_version":3,"schema_name":"ModelParameterSchemaV3","schema_type":"Iced"},"name":"initial_weights","label":"initial_weights","help":"A list of H2OFrame ids to initialize the weight matrices of this model with.","required":false,"type":"Key<Frame>[]","default_value":null,"actual_value":null,"level":"expert","values":[],"is_member_of_frames":[],"is_mutually_exclusive_with":[],"gridable":true},{"__meta":{"schema_version":3,"schema_name":"ModelParameterSchemaV3","schema_type":"Iced"},"name":"initial_biases","label":"initial_biases","help":"A list of H2OFrame ids to initialize the bias vectors of this model with.","required":false,"type":"Key<Frame>[]","default_value":null,"actual_value":null,"level":"expert","values":[],"is_member_of_frames":[],"is_mutually_exclusive_with":[],"gridable":true},{"__meta":{"schema_version":3,"schema_name":"ModelParameterSchemaV3","schema_type":"Iced"},"name":"loss","label":"loss","help":"Loss function.","required":false,"type":"enum","default_value":"Automatic","actual_value":"Automatic","level":"secondary","values":["Automatic","CrossEntropy","Quadratic","Huber","Absolute","Quantile"],"is_member_of_frames":[],"is_mutually_exclusive_with":[],"gridable":true},{"__meta":{"schema_version":3,"schema_name":"ModelParameterSchemaV3","schema_type":"Iced"},"name":"distribution","label":"distribution","help":"Distribution function","required":false,"type":"enum","default_value":"AUTO","actual_value":"AUTO","level":"secondary","values":["AUTO","bernoulli","quasibinomial","ordinal","multinomial","gaussian","poisson","gamma","tweedie","laplace","quantile","huber","custom"],"is_member_of_frames":[],"is_mutually_exclusive_with":[],"gridable":true},{"__meta":{"schema_version":3,"schema_name":"ModelParameterSchemaV3","schema_type":"Iced"},"name":"quantile_alpha","label":"quantile_alpha","help":"Desired quantile for Quantile regression, must be between 0 and 1.","required":false,"type":"double","default_value":0.5,"actual_value":0.5,"level":"secondary","values":[],"is_member_of_frames":[],"is_mutually_exclusive_with":[],"gridable":true},{"__meta":{"schema_version":3,"schema_name":"ModelParameterSchemaV3","schema_type":"Iced"},"name":"tweedie_power","label":"tweedie_power","help":"Tweedie power for Tweedie regression, must be between 1 and 2.","required":false,"type":"double","default_value":1.5,"actual_value":1.5,"level":"secondary","values":[],"is_member_of_frames":[],"is_mutually_exclusive_with":[],"gridable":true},{"__meta":{"schema_version":3,"schema_name":"ModelParameterSchemaV3","schema_type":"Iced"},"name":"huber_alpha","label":"huber_alpha","help":"Desired quantile for Huber/M-regression (threshold between quadratic and linear loss, must be between 0 and 1).","required":false,"type":"double","default_value":0.9,"actual_value":0.9,"level":"secondary","values":[],"is_member_of_frames":[],"is_mutually_exclusive_with":[],"gridable":true},{"__meta":{"schema_version":3,"schema_name":"ModelParameterSchemaV3","schema_type":"Iced"},"name":"score_interval","label":"score_interval","help":"Shortest time interval (in seconds) between model scoring.","required":false,"type":"double","default_value":5.0,"actual_value":5.0,"level":"secondary","values":[],"is_member_of_frames":[],"is_mutually_exclusive_with":[],"gridable":true},{"__meta":{"schema_version":3,"schema_name":"ModelParameterSchemaV3","schema_type":"Iced"},"name":"score_training_samples","label":"score_training_samples","help":"Number of training set samples for scoring (0 for all).","required":false,"type":"long","default_value":10000,"actual_value":10000,"level":"secondary","values":[],"is_member_of_frames":[],"is_mutually_exclusive_with":[],"gridable":true},{"__meta":{"schema_version":3,"schema_name":"ModelParameterSchemaV3","schema_type":"Iced"},"name":"score_validation_samples","label":"score_validation_samples","help":"Number of validation set samples for scoring (0 for all).","required":false,"type":"long","default_value":0,"actual_value":10000,"level":"secondary","values":[],"is_member_of_frames":[],"is_mutually_exclusive_with":[],"gridable":true},{"__meta":{"schema_version":3,"schema_name":"ModelParameterSchemaV3","schema_type":"Iced"},"name":"score_duty_cycle","label":"score_duty_cycle","help":"Maximum duty cycle fraction for scoring (lower: more training, higher: more scoring).","required":false,"type":"double","default_value":0.1,"actual_value":0.1,"level":"secondary","values":[],"is_member_of_frames":[],"is_mutually_exclusive_with":[],"gridable":true},{"__meta":{"schema_version":3,"schema_name":"ModelParameterSchemaV3","schema_type":"Iced"},"name":"classification_stop","label":"classification_stop","help":"Stopping criterion for classification error fraction on training data (-1 to disable).","required":false,"type":"double","default_value":0.0,"actual_value":0.0,"level":"expert","values":[],"is_member_of_frames":[],"is_mutually_exclusive_with":[],"gridable":true},{"__meta":{"schema_version":3,"schema_name":"ModelParameterSchemaV3","schema_type":"Iced"},"name":"regression_stop","label":"regression_stop","help":"Stopping criterion for regression error (MSE) on training data (-1 to disable).","required":false,"type":"double","default_value":1.0E-6,"actual_value":1.0E-6,"level":"expert","values":[],"is_member_of_frames":[],"is_mutually_exclusive_with":[],"gridable":true},{"__meta":{"schema_version":3,"schema_name":"ModelParameterSchemaV3","schema_type":"Iced"},"name":"stopping_rounds","label":"stopping_rounds","help":"Early stopping based on convergence of stopping_metric. Stop if simple moving average of length k of the stopping_metric does not improve for k:=stopping_rounds scoring events (0 to disable)","required":false,"type":"int","default_value":5,"actual_value":2,"level":"secondary","values":[],"is_member_of_frames":[],"is_mutually_exclusive_with":[],"gridable":true},{"__meta":{"schema_version":3,"schema_name":"ModelParameterSchemaV3","schema_type":"Iced"},"name":"stopping_metric","label":"stopping_metric","help":"Metric to use for early stopping (AUTO: logloss for classification, deviance for regression and anonomaly_score for Isolation Forest). Note that custom and custom_increasing can only be used in GBM and DRF with the Python client.","required":false,"type":"enum","default_value":"AUTO","actual_value":"MSE","level":"secondary","values":["AUTO","deviance","logloss","MSE","RMSE","MAE","RMSLE","AUC","AUCPR","lift_top_group","misclassification","mean_per_class_error","anomaly_score","custom","custom_increasing"],"is_member_of_frames":[],"is_mutually_exclusive_with":[],"gridable":true},{"__meta":{"schema_version":3,"schema_name":"ModelParameterSchemaV3","schema_type":"Iced"},"name":"stopping_tolerance","label":"stopping_tolerance","help":"Relative tolerance for metric-based stopping criterion (stop if relative improvement is not at least this much)","required":false,"type":"double","default_value":0.0,"actual_value":0.01,"level":"secondary","values":[],"is_member_of_frames":[],"is_mutually_exclusive_with":[],"gridable":true},{"__meta":{"schema_version":3,"schema_name":"ModelParameterSchemaV3","schema_type":"Iced"},"name":"max_runtime_secs","label":"max_runtime_secs","help":"Maximum allowed runtime in seconds for model training. Use 0 to disable.","required":false,"type":"double","default_value":0.0,"actual_value":0.0,"level":"secondary","values":[],"is_member_of_frames":[],"is_mutually_exclusive_with":[],"gridable":true},{"__meta":{"schema_version":3,"schema_name":"ModelParameterSchemaV3","schema_type":"Iced"},"name":"score_validation_sampling","label":"score_validation_sampling","help":"Method used to sample validation dataset for scoring.","required":false,"type":"enum","default_value":"Uniform","actual_value":"Uniform","level":"expert","values":["Uniform","Stratified"],"is_member_of_frames":[],"is_mutually_exclusive_with":[],"gridable":true},{"__meta":{"schema_version":3,"schema_name":"ModelParameterSchemaV3","schema_type":"Iced"},"name":"diagnostics","label":"diagnostics","help":"Enable diagnostics for hidden layers.","required":false,"type":"boolean","default_value":true,"actual_value":true,"level":"expert","values":[],"is_member_of_frames":[],"is_mutually_exclusive_with":[],"gridable":false},{"__meta":{"schema_version":3,"schema_name":"ModelParameterSchemaV3","schema_type":"Iced"},"name":"fast_mode","label":"fast_mode","help":"Enable fast mode (minor approximation in back-propagation).","required":false,"type":"boolean","default_value":true,"actual_value":true,"level":"expert","values":[],"is_member_of_frames":[],"is_mutually_exclusive_with":[],"gridable":true},{"__meta":{"schema_version":3,"schema_name":"ModelParameterSchemaV3","schema_type":"Iced"},"name":"force_load_balance","label":"force_load_balance","help":"Force extra load balancing to increase training speed for small datasets (to keep all cores busy).","required":false,"type":"boolean","default_value":true,"actual_value":true,"level":"expert","values":[],"is_member_of_frames":[],"is_mutually_exclusive_with":[],"gridable":true},{"__meta":{"schema_version":3,"schema_name":"ModelParameterSchemaV3","schema_type":"Iced"},"name":"variable_importances","label":"variable_importances","help":"Compute variable importances for input features (Gedeon method) - can be slow for large networks.","required":false,"type":"boolean","default_value":true,"actual_value":true,"level":"critical","values":[],"is_member_of_frames":[],"is_mutually_exclusive_with":[],"gridable":true},{"__meta":{"schema_version":3,"schema_name":"ModelParameterSchemaV3","schema_type":"Iced"},"name":"replicate_training_data","label":"replicate_training_data","help":"Replicate the entire training dataset onto every node for faster training on small datasets.","required":false,"type":"boolean","default_value":true,"actual_value":true,"level":"secondary","values":[],"is_member_of_frames":[],"is_mutually_exclusive_with":[],"gridable":true},{"__meta":{"schema_version":3,"schema_name":"ModelParameterSchemaV3","schema_type":"Iced"},"name":"single_node_mode","label":"single_node_mode","help":"Run on a single node for fine-tuning of model parameters.","required":false,"type":"boolean","default_value":false,"actual_value":false,"level":"expert","values":[],"is_member_of_frames":[],"is_mutually_exclusive_with":[],"gridable":true},{"__meta":{"schema_version":3,"schema_name":"ModelParameterSchemaV3","schema_type":"Iced"},"name":"shuffle_training_data","label":"shuffle_training_data","help":"Enable shuffling of training data (recommended if training data is replicated and train_samples_per_iteration is close to #nodes x #rows, of if using balance_classes).","required":false,"type":"boolean","default_value":false,"actual_value":false,"level":"expert","values":[],"is_member_of_frames":[],"is_mutually_exclusive_with":[],"gridable":true},{"__meta":{"schema_version":3,"schema_name":"ModelParameterSchemaV3","schema_type":"Iced"},"name":"missing_values_handling","label":"missing_values_handling","help":"Handling of missing values. Either MeanImputation or Skip.","required":false,"type":"enum","default_value":"MeanImputation","actual_value":"MeanImputation","level":"expert","values":["MeanImputation","Skip"],"is_member_of_frames":[],"is_mutually_exclusive_with":[],"gridable":true},{"__meta":{"schema_version":3,"schema_name":"ModelParameterSchemaV3","schema_type":"Iced"},"name":"quiet_mode","label":"quiet_mode","help":"Enable quiet mode for less output to standard output.","required":false,"type":"boolean","default_value":false,"actual_value":false,"level":"expert","values":[],"is_member_of_frames":[],"is_mutually_exclusive_with":[],"gridable":true},{"__meta":{"schema_version":3,"schema_name":"ModelParameterSchemaV3","schema_type":"Iced"},"name":"autoencoder","label":"autoencoder","help":"Auto-Encoder.","required":false,"type":"boolean","default_value":false,"actual_value":false,"level":"secondary","values":[],"is_member_of_frames":[],"is_mutually_exclusive_with":[],"gridable":false},{"__meta":{"schema_version":3,"schema_name":"ModelParameterSchemaV3","schema_type":"Iced"},"name":"sparse","label":"sparse","help":"Sparse data handling (more efficient for data with lots of 0 values).","required":false,"type":"boolean","default_value":false,"actual_value":false,"level":"expert","values":[],"is_member_of_frames":[],"is_mutually_exclusive_with":[],"gridable":true},{"__meta":{"schema_version":3,"schema_name":"ModelParameterSchemaV3","schema_type":"Iced"},"name":"col_major","label":"col_major","help":"#DEPRECATED Use a column major weight matrix for input layer. Can speed up forward propagation, but might slow down backpropagation.","required":false,"type":"boolean","default_value":false,"actual_value":false,"level":"expert","values":[],"is_member_of_frames":[],"is_mutually_exclusive_with":[],"gridable":true},{"__meta":{"schema_version":3,"schema_name":"ModelParameterSchemaV3","schema_type":"Iced"},"name":"average_activation","label":"average_activation","help":"Average activation for sparse auto-encoder. #Experimental","required":false,"type":"double","default_value":0.0,"actual_value":0.0,"level":"expert","values":[],"is_member_of_frames":[],"is_mutually_exclusive_with":[],"gridable":true},{"__meta":{"schema_version":3,"schema_name":"ModelParameterSchemaV3","schema_type":"Iced"},"name":"sparsity_beta","label":"sparsity_beta","help":"Sparsity regularization. #Experimental","required":false,"type":"double","default_value":0.0,"actual_value":0.0,"level":"expert","values":[],"is_member_of_frames":[],"is_mutually_exclusive_with":[],"gridable":true},{"__meta":{"schema_version":3,"schema_name":"ModelParameterSchemaV3","schema_type":"Iced"},"name":"max_categorical_features","label":"max_categorical_features","help":"Max. number of categorical features, enforced via hashing. #Experimental","required":false,"type":"int","default_value":2147483647,"actual_value":2147483647,"level":"expert","values":[],"is_member_of_frames":[],"is_mutually_exclusive_with":[],"gridable":true},{"__meta":{"schema_version":3,"schema_name":"ModelParameterSchemaV3","schema_type":"Iced"},"name":"reproducible","label":"reproducible","help":"Force reproducibility on small data (will be slow - only uses 1 thread).","required":false,"type":"boolean","default_value":false,"actual_value":false,"level":"expert","values":[],"is_member_of_frames":[],"is_mutually_exclusive_with":[],"gridable":true},{"__meta":{"schema_version":3,"schema_name":"ModelParameterSchemaV3","schema_type":"Iced"},"name":"export_weights_and_biases","label":"export_weights_and_biases","help":"Whether to export Neural Network weights and biases to H2O Frames.","required":false,"type":"boolean","default_value":false,"actual_value":false,"level":"expert","values":[],"is_member_of_frames":[],"is_mutually_exclusive_with":[],"gridable":false},{"__meta":{"schema_version":3,"schema_name":"ModelParameterSchemaV3","schema_type":"Iced"},"name":"mini_batch_size","label":"mini_batch_size","help":"Mini-batch size (smaller leads to better fit, larger can speed up and generalize better).","required":false,"type":"int","default_value":1,"actual_value":1,"level":"expert","values":[],"is_member_of_frames":[],"is_mutually_exclusive_with":[],"gridable":false},{"__meta":{"schema_version":3,"schema_name":"ModelParameterSchemaV3","schema_type":"Iced"},"name":"categorical_encoding","label":"categorical_encoding","help":"Encoding scheme for categorical features","required":false,"type":"enum","default_value":"AUTO","actual_value":"AUTO","level":"secondary","values":["AUTO","Enum","OneHotInternal","OneHotExplicit","Binary","Eigen","LabelEncoder","SortByResponse","EnumLimited"],"is_member_of_frames":[],"is_mutually_exclusive_with":[],"gridable":true},{"__meta":{"schema_version":3,"schema_name":"ModelParameterSchemaV3","schema_type":"Iced"},"name":"elastic_averaging","label":"elastic_averaging","help":"Elastic averaging between compute nodes can improve distributed model convergence. #Experimental","required":false,"type":"boolean","default_value":false,"actual_value":false,"level":"expert","values":[],"is_member_of_frames":[],"is_mutually_exclusive_with":[],"gridable":true},{"__meta":{"schema_version":3,"schema_name":"ModelParameterSchemaV3","schema_type":"Iced"},"name":"elastic_averaging_moving_rate","label":"elastic_averaging_moving_rate","help":"Elastic averaging moving rate (only if elastic averaging is enabled).","required":false,"type":"double","default_value":0.9,"actual_value":0.9,"level":"expert","values":[],"is_member_of_frames":[],"is_mutually_exclusive_with":[],"gridable":true},{"__meta":{"schema_version":3,"schema_name":"ModelParameterSchemaV3","schema_type":"Iced"},"name":"elastic_averaging_regularization","label":"elastic_averaging_regularization","help":"Elastic averaging regularization strength (only if elastic averaging is enabled).","required":false,"type":"double","default_value":0.001,"actual_value":0.001,"level":"expert","values":[],"is_member_of_frames":[],"is_mutually_exclusive_with":[],"gridable":true},{"__meta":{"schema_version":3,"schema_name":"ModelParameterSchemaV3","schema_type":"Iced"},"name":"export_checkpoints_dir","label":"export_checkpoints_dir","help":"Automatically export generated models to this directory.","required":false,"type":"string","default_value":null,"actual_value":null,"level":"secondary","values":[],"is_member_of_frames":[],"is_mutually_exclusive_with":[],"gridable":false}],"output":{"__meta":{"schema_version":3,"schema_name":"DeepLearningModelOutputV3","schema_type":"DeepLearningModelOutput"},"names":["Mitomycin.C.aml","SN.38.aml","Talazoparib.aml","salermide.aml","Ki8751.aml","ABT.737.aml","alisertib.aml","CEP.701.aml","SL.0101.1.aml","Elesclomol.aml","NSC95397.aml","PD173074.aml","AT.406.aml","DMOG.aml","response"],"original_names":["Mitomycin.C.aml","SN.38.aml","Talazoparib.aml","salermide.aml","Ki8751.aml","ABT.737.aml","alisertib.aml","CEP.701.aml","SL.0101.1.aml","Elesclomol.aml","NSC95397.aml","PD173074.aml","AT.406.aml","DMOG.aml","response"],"column_types":["Numeric","Numeric","Numeric","Numeric","Numeric","Numeric","Numeric","Numeric","Numeric","Numeric","Numeric","Numeric","Numeric","Numeric","Numeric"],"domains":[null,null,null,null,null,null,null,null,null,null,null,null,null,null,null],"cross_validation_models":null,"cross_validation_predictions":null,"cross_validation_holdout_predictions_frame_id":null,"cross_validation_fold_assignment_frame_id":null,"model_category":"Regression","model_summary":{"__meta":{"schema_version":3,"schema_name":"TwoDimTableV3","schema_type":"TwoDimTable"},"name":"Status of Neuron Layers","description":"predicting response, regression, gaussian distribution, Quadratic loss, 43,401 weights/biases, 519.1 KB, 179,400 training samples, mini-batch size 1","columns":[{"__meta":{"schema_version":-1,"schema_name":"ColumnSpecsBase","schema_type":"Iced"},"name":"","type":"string","format":"%s","description":""},{"__meta":{"schema_version":-1,"schema_name":"ColumnSpecsBase","schema_type":"Iced"},"name":"layer","type":"int","format":"%d","description":"Layer"},{"__meta":{"schema_version":-1,"schema_name":"ColumnSpecsBase","schema_type":"Iced"},"name":"units","type":"int","format":"%d","description":"Units"},{"__meta":{"schema_version":-1,"schema_name":"ColumnSpecsBase","schema_type":"Iced"},"name":"type","type":"string","format":"%s","description":"Type"},{"__meta":{"schema_version":-1,"schema_name":"ColumnSpecsBase","schema_type":"Iced"},"name":"dropout","type":"double","format":"%2.2f %%","description":"Dropout"},{"__meta":{"schema_version":-1,"schema_name":"ColumnSpecsBase","schema_type":"Iced"},"name":"l1","type":"double","format":"%5f","description":"L1"},{"__meta":{"schema_version":-1,"schema_name":"ColumnSpecsBase","schema_type":"Iced"},"name":"l2","type":"double","format":"%5f","description":"L2"},{"__meta":{"schema_version":-1,"schema_name":"ColumnSpecsBase","schema_type":"Iced"},"name":"mean_rate","type":"double","format":"%5f","description":"Mean Rate"},{"__meta":{"schema_version":-1,"schema_name":"ColumnSpecsBase","schema_type":"Iced"},"name":"rate_rms","type":"double","format":"%5f","description":"Rate RMS"},{"__meta":{"schema_version":-1,"schema_name":"ColumnSpecsBase","schema_type":"Iced"},"name":"momentum","type":"double","format":"%5f","description":"Momentum"},{"__meta":{"schema_version":-1,"schema_name":"ColumnSpecsBase","schema_type":"Iced"},"name":"mean_weight","type":"double","format":"%5f","description":"Mean Weight"},{"__meta":{"schema_version":-1,"schema_name":"ColumnSpecsBase","schema_type":"Iced"},"name":"weight_rms","type":"double","format":"%5f","description":"Weight RMS"},{"__meta":{"schema_version":-1,"schema_name":"ColumnSpecsBase","schema_type":"Iced"},"name":"mean_bias","type":"double","format":"%5f","description":"Mean Bias"},{"__meta":{"schema_version":-1,"schema_name":"ColumnSpecsBase","schema_type":"Iced"},"name":"bias_rms","type":"double","format":"%5f","description":"Bias RMS"}],"rowcount":4,"data":[["","","",""],[1,2,3,4],[14,200,200,1],["Input","Rectifier","Rectifier","Linear"],[0.0,0,0,null],[null,0.0,0.0,0.0],[null,0.0,0.0,0.0],[null,0.3456989753964756,0.6811710385622369,0.14477418886963278],[null,0.13140720129013062,0.37018251419067383,0.18701910972595215],[null,0.0,0.0,0.0],[null,0.004250195733080935,-0.022109867372498468,0.0055503742870132555],[null,0.1600087285041809,0.07797056436538696,0.04860776662826538],[null,0.3155717111936107,0.9514262576016105,0.13370738078449212],[null,0.08953702449798584,0.023280948400497437,1.0971281125650402E-154]]},"scoring_history":{"__meta":{"schema_version":3,"schema_name":"TwoDimTableV3","schema_type":"TwoDimTable"},"name":"Scoring History","description":"","columns":[{"__meta":{"schema_version":-1,"schema_name":"ColumnSpecsBase","schema_type":"Iced"},"name":"","type":"string","format":"%s","description":""},{"__meta":{"schema_version":-1,"schema_name":"ColumnSpecsBase","schema_type":"Iced"},"name":"timestamp","type":"string","format":"%s","description":"Timestamp"},{"__meta":{"schema_version":-1,"schema_name":"ColumnSpecsBase","schema_type":"Iced"},"name":"duration","type":"string","format":"%s","description":"Duration"},{"__meta":{"schema_version":-1,"schema_name":"ColumnSpecsBase","schema_type":"Iced"},"name":"training_speed","type":"string","format":"%s","description":"Training Speed"},{"__meta":{"schema_version":-1,"schema_name":"ColumnSpecsBase","schema_type":"Iced"},"name":"epochs","type":"double","format":"%.5f","description":"Epochs"},{"__meta":{"schema_version":-1,"schema_name":"ColumnSpecsBase","schema_type":"Iced"},"name":"iterations","type":"int","format":"%d","description":"Iterations"},{"__meta":{"schema_version":-1,"schema_name":"ColumnSpecsBase","schema_type":"Iced"},"name":"samples","type":"double","format":"%f","description":"Samples"},{"__meta":{"schema_version":-1,"schema_name":"ColumnSpecsBase","schema_type":"Iced"},"name":"training_rmse","type":"double","format":"%.5f","description":"Training RMSE"},{"__meta":{"schema_version":-1,"schema_name":"ColumnSpecsBase","schema_type":"Iced"},"name":"training_deviance","type":"double","format":"%.5f","description":"Training Deviance"},{"__meta":{"schema_version":-1,"schema_name":"ColumnSpecsBase","schema_type":"Iced"},"name":"training_mae","type":"double","format":"%.5f","description":"Training MAE"},{"__meta":{"schema_version":-1,"schema_name":"ColumnSpecsBase","schema_type":"Iced"},"name":"training_r2","type":"double","format":"%.5f","description":"Training r2"},{"__meta":{"schema_version":-1,"schema_name":"ColumnSpecsBase","schema_type":"Iced"},"name":"validation_rmse","type":"double","format":"%.5f","description":"Validation RMSE"},{"__meta":{"schema_version":-1,"schema_name":"ColumnSpecsBase","schema_type":"Iced"},"name":"validation_deviance","type":"double","format":"%.5f","description":"Validation Deviance"},{"__meta":{"schema_version":-1,"schema_name":"ColumnSpecsBase","schema_type":"Iced"},"name":"validation_mae","type":"double","format":"%.5f","description":"Validation MAE"},{"__meta":{"schema_version":-1,"schema_name":"ColumnSpecsBase","schema_type":"Iced"},"name":"validation_r2","type":"double","format":"%.5f","description":"Validation r2"}],"rowcount":6,"data":[["","","","","",""],["2020-07-18 18:33:25","2020-07-18 18:33:25","2020-07-18 18:33:30","2020-07-18 18:33:35","2020-07-18 18:33:40","2020-07-18 18:33:45"],[" 0.000 sec"," 0.256 sec"," 5.382 sec","10.398 sec","15.405 sec","20.434 sec"],[null,"2857 obs/sec","4300 obs/sec","6583 obs/sec","7808 obs/sec","8838 obs/sec"],[0.0,10.0,380.0,1130.0,1990.0,2990.0],[0,1,38,113,199,299],[0.0,600.0,22800.0,67800.0,119400.0,179400.0],["NaN",0.11351292376982276,0.01299271935184572,0.003375421729524,0.0038992988107137984,0.0020056076858259177],["NaN",0.012885183862773594,1.688107561558263E-4,1.1393471852142793E-5,1.5204531215234043E-5,4.0224621894439935E-6],["NaN",0.08910760427683086,0.009866723235220013,0.0027224058715696483,0.0027734455308013515,0.001403649247859393],["NaN",0.1964713072929396,0.9894728482221609,0.9992894954670226,0.9990518352535196,0.9997491565647049],["NaN",0.12110426754775248,0.07775082907355502,0.0786169487202808,0.07920376786097341,0.07666527106692879],["NaN",0.014666243618277614,0.006045191421625168,0.00618062462608726,0.006273236843374965,0.0058775637877656675],["NaN",0.0932548284885522,0.06687218839778465,0.06855443638688229,0.06827255479277346,0.06561830307561255],["NaN",0.2304880694533611,0.6828194701756174,0.6757135288495193,0.6708543291817561,0.6916145964193569]]},"training_metrics":{"__meta":{"schema_version":3,"schema_name":"ModelMetricsRegressionV3","schema_type":"ModelMetricsRegression"},"model":{"__meta":{"schema_version":3,"schema_name":"ModelKeyV3","schema_type":"Key<Model>"},"name":"DeepLearning_model_R_1595059034637_343","type":"Key<Model>","URL":"/3/Models/DeepLearning_model_R_1595059034637_343"},"model_checksum":-6833957398633183860,"frame":null,"frame_checksum":0,"description":"Metrics reported on full training frame","model_category":"Regression","scoring_time":1595093626005,"predictions":null,"MSE":4.0224621894439935E-6,"RMSE":0.0020056076858259177,"nobs":60,"custom_metric_name":null,"custom_metric_value":0.0,"r2":0.9997491565647049,"mean_residual_deviance":4.0224621894439935E-6,"mae":0.001403649247859393,"rmsle":0.0015703767810564461},"validation_metrics":{"__meta":{"schema_version":3,"schema_name":"ModelMetricsRegressionV3","schema_type":"ModelMetricsRegression"},"model":{"__meta":{"schema_version":3,"schema_name":"ModelKeyV3","schema_type":"Key<Model>"},"name":"DeepLearning_model_R_1595059034637_343","type":"Key<Model>","URL":"/3/Models/DeepLearning_model_R_1595059034637_343"},"model_checksum":-6833957398633183860,"frame":null,"frame_checksum":0,"description":"Metrics reported on full validation frame","model_category":"Regression","scoring_time":1595093626007,"predictions":null,"MSE":0.0058775637877656675,"RMSE":0.07666527106692879,"nobs":12,"custom_metric_name":null,"custom_metric_value":0.0,"r2":0.6916145964193569,"mean_residual_deviance":0.0058775637877656675,"mae":0.06561830307561255,"rmsle":0.06077338057368848},"cross_validation_metrics":null,"cross_validation_metrics_summary":null,"status":null,"start_time":1595093605586,"end_time":1595093626034,"run_time":20448,"help":{"run_time":"Runtime in milliseconds", "biases":"Frame keys for bias vectors", "domains":"Domains for categorical columns", "__meta":"Metadata on this schema instance, to make it self-describing.", "scoring_history":"Scoring history", "help":"Help information for output fields", "normrespsub":"Normalization/Standardization offsets for numeric response", "training_metrics":"Training data model metrics", "normsub":"Normalization/Standardization offsets for numeric predictors", "cross_validation_models":"Cross-validation models (model ids)", "cross_validation_predictions":"Cross-validation predictions, one per cv model (deprecated, use cross_validation_holdout_predictions_frame_id instead)", "cross_validation_holdout_predictions_frame_id":"Cross-validation holdout predictions (full out-of-sample predictions on training data)", "cross_validation_metrics_summary":"Cross-validation model metrics summary", "status":"Job status", "model_category":"Category of the model (e.g., Binomial)", "variable_importances":"Variable Importances", "catoffsets":"Categorical offsets for one-hot encoding", "model_summary":"Model summary", "weights":"Frame keys for weight matrices", "names":"Column names", "normrespmul":"Normalization/Standardization multipliers for numeric response", "original_names":"Original column names", "column_types":"Column types", "normmul":"Normalization/Standardization multipliers for numeric predictors", "cross_validation_fold_assignment_frame_id":"Cross-validation fold assignment (each row is assigned to one holdout fold)", "cross_validation_metrics":"Cross-validation model metrics", "validation_metrics":"Validation data model metrics", "start_time":"Start time in milliseconds", "end_time":"End time in milliseconds"},"weights":null,"biases":null,"normmul":null,"normsub":null,"normrespmul":null,"normrespsub":null,"catoffsets":null,"variable_importances":{"__meta":{"schema_version":3,"schema_name":"TwoDimTableV3","schema_type":"TwoDimTable"},"name":"Variable Importances","description":"","columns":[{"__meta":{"schema_version":-1,"schema_name":"ColumnSpecsBase","schema_type":"Iced"},"name":"variable","type":"string","format":"%s","description":"Variable"},{"__meta":{"schema_version":-1,"schema_name":"ColumnSpecsBase","schema_type":"Iced"},"name":"relative_importance","type":"double","format":"%5f","description":"Relative Importance"},{"__meta":{"schema_version":-1,"schema_name":"ColumnSpecsBase","schema_type":"Iced"},"name":"scaled_importance","type":"double","format":"%5f","description":"Scaled Importance"},{"__meta":{"schema_version":-1,"schema_name":"ColumnSpecsBase","schema_type":"Iced"},"name":"percentage","type":"double","format":"%5f","description":"Percentage"}],"rowcount":14,"data":[["PD173074.aml","Elesclomol.aml","AT.406.aml","ABT.737.aml","alisertib.aml","DMOG.aml","Talazoparib.aml","Ki8751.aml","SN.38.aml","SL.0101.1.aml","NSC95397.aml","Mitomycin.C.aml","salermide.aml","CEP.701.aml"],[1.0,0.8624172210693359,0.8592215180397034,0.8469040393829346,0.8181279301643372,0.7934690117835999,0.7836027145385742,0.7540488243103027,0.71087247133255,0.7103947997093201,0.6238625049591064,0.5890705585479736,0.5867844223976135,0.5450152158737183],[1.0,0.8624172210693359,0.8592215180397034,0.8469040393829346,0.8181279301643372,0.7934690117835999,0.7836027145385742,0.7540488243103027,0.71087247133255,0.7103947997093201,0.6238625049591064,0.5890705585479736,0.5867844223976135,0.5450152158737183],[0.09538534084284943,0.08226196058044163,0.08195713735772761,0.08078223045772719,0.07803741147178021,0.07568531213721759,0.07474421201164394,0.07192520411898812,0.06780681297385399,0.06776125010326124,0.05950733767459821,0.05618869600758616,0.055970632131670896,0.05198646213065378]]}},"compatible_frames":null}
