{"__meta":{"schema_version":3,"schema_name":"DeepLearningModelV3","schema_type":"DeepLearningModel"},"model_id":{"__meta":{"schema_version":3,"schema_name":"ModelKeyV3","schema_type":"Key<Model>"},"name":"DeepLearning_model_R_1595330942489_594","type":"Key<Model>","URL":"/3/Models/DeepLearning_model_R_1595330942489_594"},"algo":"deeplearning","algo_full_name":"Deep Learning","response_column_name":"response","data_frame":{"__meta":{"schema_version":3,"schema_name":"FrameKeyV3","schema_type":"Key<Frame>"},"name":"df.to_sid_b83a_31589","type":"Key<Frame>","URL":"/3/Frames/df.to_sid_b83a_31589"},"timestamp":1595411634560,"have_pojo":true,"have_mojo":true,"algo":"deeplearning","algo_full_name":"Deep Learning","model_id":{"__meta":{"schema_version":3,"schema_name":"ModelKeyV3","schema_type":"Key<Model>"},"name":"DeepLearning_model_R_1595330942489_594","type":"Key<Model>","URL":"/3/Models/DeepLearning_model_R_1595330942489_594"},"parameters":[{"__meta":{"schema_version":3,"schema_name":"ModelParameterSchemaV3","schema_type":"Iced"},"name":"model_id","label":"model_id","help":"Destination id for this model; auto-generated if not specified.","required":false,"type":"Key<Model>","default_value":null,"actual_value":{"__meta":{"schema_version":3,"schema_name":"ModelKeyV3","schema_type":"Key<Model>"},"name":"DeepLearning_model_R_1595330942489_594","type":"Key<Model>","URL":"/3/Models/DeepLearning_model_R_1595330942489_594"},"level":"critical","values":[],"is_member_of_frames":[],"is_mutually_exclusive_with":[],"gridable":false},{"__meta":{"schema_version":3,"schema_name":"ModelParameterSchemaV3","schema_type":"Iced"},"name":"training_frame","label":"training_frame","help":"Id of the training data frame.","required":false,"type":"Key<Frame>","default_value":null,"actual_value":null,"level":"critical","values":[],"is_member_of_frames":[],"is_mutually_exclusive_with":[],"gridable":false},{"__meta":{"schema_version":3,"schema_name":"ModelParameterSchemaV3","schema_type":"Iced"},"name":"validation_frame","label":"validation_frame","help":"Id of the validation data frame.","required":false,"type":"Key<Frame>","default_value":null,"actual_value":null,"level":"critical","values":[],"is_member_of_frames":[],"is_mutually_exclusive_with":[],"gridable":true},{"__meta":{"schema_version":3,"schema_name":"ModelParameterSchemaV3","schema_type":"Iced"},"name":"nfolds","label":"nfolds","help":"Number of folds for K-fold cross-validation (0 to disable or >= 2).","required":false,"type":"int","default_value":0,"actual_value":0,"level":"critical","values":[],"is_member_of_frames":[],"is_mutually_exclusive_with":[],"gridable":false},{"__meta":{"schema_version":3,"schema_name":"ModelParameterSchemaV3","schema_type":"Iced"},"name":"keep_cross_validation_models","label":"keep_cross_validation_models","help":"Whether to keep the cross-validation models.","required":false,"type":"boolean","default_value":true,"actual_value":true,"level":"expert","values":[],"is_member_of_frames":[],"is_mutually_exclusive_with":[],"gridable":false},{"__meta":{"schema_version":3,"schema_name":"ModelParameterSchemaV3","schema_type":"Iced"},"name":"keep_cross_validation_predictions","label":"keep_cross_validation_predictions","help":"Whether to keep the predictions of the cross-validation models.","required":false,"type":"boolean","default_value":false,"actual_value":false,"level":"expert","values":[],"is_member_of_frames":[],"is_mutually_exclusive_with":[],"gridable":false},{"__meta":{"schema_version":3,"schema_name":"ModelParameterSchemaV3","schema_type":"Iced"},"name":"keep_cross_validation_fold_assignment","label":"keep_cross_validation_fold_assignment","help":"Whether to keep the cross-validation fold assignment.","required":false,"type":"boolean","default_value":false,"actual_value":false,"level":"expert","values":[],"is_member_of_frames":[],"is_mutually_exclusive_with":[],"gridable":false},{"__meta":{"schema_version":3,"schema_name":"ModelParameterSchemaV3","schema_type":"Iced"},"name":"fold_assignment","label":"fold_assignment","help":"Cross-validation fold assignment scheme, if fold_column is not specified. The 'Stratified' option will stratify the folds based on the response variable, for classification problems.","required":false,"type":"enum","default_value":"AUTO","actual_value":"AUTO","level":"secondary","values":["AUTO","Random","Modulo","Stratified"],"is_member_of_frames":[],"is_mutually_exclusive_with":[],"gridable":true},{"__meta":{"schema_version":3,"schema_name":"ModelParameterSchemaV3","schema_type":"Iced"},"name":"fold_column","label":"fold_column","help":"Column with cross-validation fold index assignment per observation.","required":false,"type":"VecSpecifier","default_value":null,"actual_value":null,"level":"secondary","values":[],"is_member_of_frames":["training_frame"],"is_mutually_exclusive_with":["response_column","weights_column","ignored_columns","offset_column"],"gridable":true},{"__meta":{"schema_version":3,"schema_name":"ModelParameterSchemaV3","schema_type":"Iced"},"name":"response_column","label":"response_column","help":"Response variable column.","required":false,"type":"VecSpecifier","default_value":null,"actual_value":{"__meta":{"schema_version":3,"schema_name":"ColSpecifierV3","schema_type":"VecSpecifier"},"column_name":"response","is_member_of_frames":null},"level":"critical","values":[],"is_member_of_frames":["training_frame","validation_frame"],"is_mutually_exclusive_with":["weights_column","ignored_columns","offset_column","fold_column"],"gridable":true},{"__meta":{"schema_version":3,"schema_name":"ModelParameterSchemaV3","schema_type":"Iced"},"name":"ignored_columns","label":"ignored_columns","help":"Names of columns to ignore for training.","required":false,"type":"string[]","default_value":null,"actual_value":[""],"level":"critical","values":[],"is_member_of_frames":["training_frame","validation_frame"],"is_mutually_exclusive_with":["response_column","weights_column","offset_column","fold_column"],"gridable":false},{"__meta":{"schema_version":3,"schema_name":"ModelParameterSchemaV3","schema_type":"Iced"},"name":"ignore_const_cols","label":"ignore_const_cols","help":"Ignore constant columns.","required":false,"type":"boolean","default_value":true,"actual_value":true,"level":"critical","values":[],"is_member_of_frames":[],"is_mutually_exclusive_with":[],"gridable":false},{"__meta":{"schema_version":3,"schema_name":"ModelParameterSchemaV3","schema_type":"Iced"},"name":"score_each_iteration","label":"score_each_iteration","help":"Whether to score during each iteration of model training.","required":false,"type":"boolean","default_value":false,"actual_value":false,"level":"secondary","values":[],"is_member_of_frames":[],"is_mutually_exclusive_with":[],"gridable":false},{"__meta":{"schema_version":3,"schema_name":"ModelParameterSchemaV3","schema_type":"Iced"},"name":"weights_column","label":"weights_column","help":"Column with observation weights. Giving some observation a weight of zero is equivalent to excluding it from the dataset; giving an observation a relative weight of 2 is equivalent to repeating that row twice. Negative weights are not allowed. Note: Weights are per-row observation weights and do not increase the size of the data frame. This is typically the number of times a row is repeated, but non-integer values are supported as well. During training, rows with higher weights matter more, due to the larger loss function pre-factor.","required":false,"type":"VecSpecifier","default_value":null,"actual_value":null,"level":"secondary","values":[],"is_member_of_frames":["training_frame","validation_frame"],"is_mutually_exclusive_with":["response_column","ignored_columns","offset_column","fold_column"],"gridable":true},{"__meta":{"schema_version":3,"schema_name":"ModelParameterSchemaV3","schema_type":"Iced"},"name":"offset_column","label":"offset_column","help":"Offset column. This will be added to the combination of columns before applying the link function.","required":false,"type":"VecSpecifier","default_value":null,"actual_value":null,"level":"secondary","values":[],"is_member_of_frames":["training_frame","validation_frame"],"is_mutually_exclusive_with":["response_column","weights_column","ignored_columns","fold_column"],"gridable":true},{"__meta":{"schema_version":3,"schema_name":"ModelParameterSchemaV3","schema_type":"Iced"},"name":"balance_classes","label":"balance_classes","help":"Balance training data class counts via over/under-sampling (for imbalanced data).","required":false,"type":"boolean","default_value":false,"actual_value":false,"level":"secondary","values":[],"is_member_of_frames":[],"is_mutually_exclusive_with":[],"gridable":true},{"__meta":{"schema_version":3,"schema_name":"ModelParameterSchemaV3","schema_type":"Iced"},"name":"class_sampling_factors","label":"class_sampling_factors","help":"Desired over/under-sampling ratios per class (in lexicographic order). If not specified, sampling factors will be automatically computed to obtain class balance during training. Requires balance_classes.","required":false,"type":"float[]","default_value":null,"actual_value":null,"level":"expert","values":[],"is_member_of_frames":[],"is_mutually_exclusive_with":[],"gridable":true},{"__meta":{"schema_version":3,"schema_name":"ModelParameterSchemaV3","schema_type":"Iced"},"name":"max_after_balance_size","label":"max_after_balance_size","help":"Maximum relative size of the training data after balancing class counts (can be less than 1.0). Requires balance_classes.","required":false,"type":"float","default_value":5.0,"actual_value":5.0,"level":"expert","values":[],"is_member_of_frames":[],"is_mutually_exclusive_with":[],"gridable":false},{"__meta":{"schema_version":3,"schema_name":"ModelParameterSchemaV3","schema_type":"Iced"},"name":"max_confusion_matrix_size","label":"max_confusion_matrix_size","help":"[Deprecated] Maximum size (# classes) for confusion matrices to be printed in the Logs.","required":false,"type":"int","default_value":20,"actual_value":20,"level":"secondary","values":[],"is_member_of_frames":[],"is_mutually_exclusive_with":[],"gridable":false},{"__meta":{"schema_version":3,"schema_name":"ModelParameterSchemaV3","schema_type":"Iced"},"name":"max_hit_ratio_k","label":"max_hit_ratio_k","help":"Max. number (top K) of predictions to use for hit ratio computation (for multi-class only, 0 to disable).","required":false,"type":"int","default_value":0,"actual_value":0,"level":"secondary","values":[],"is_member_of_frames":[],"is_mutually_exclusive_with":[],"gridable":true},{"__meta":{"schema_version":3,"schema_name":"ModelParameterSchemaV3","schema_type":"Iced"},"name":"checkpoint","label":"checkpoint","help":"Model checkpoint to resume training with.","required":false,"type":"Key<Model>","default_value":null,"actual_value":null,"level":"secondary","values":[],"is_member_of_frames":[],"is_mutually_exclusive_with":[],"gridable":false},{"__meta":{"schema_version":3,"schema_name":"ModelParameterSchemaV3","schema_type":"Iced"},"name":"pretrained_autoencoder","label":"pretrained_autoencoder","help":"Pretrained autoencoder model to initialize this model with.","required":false,"type":"Key<Model>","default_value":null,"actual_value":null,"level":"expert","values":[],"is_member_of_frames":[],"is_mutually_exclusive_with":[],"gridable":false},{"__meta":{"schema_version":3,"schema_name":"ModelParameterSchemaV3","schema_type":"Iced"},"name":"overwrite_with_best_model","label":"overwrite_with_best_model","help":"If enabled, override the final model with the best model found during training.","required":false,"type":"boolean","default_value":true,"actual_value":true,"level":"expert","values":[],"is_member_of_frames":[],"is_mutually_exclusive_with":[],"gridable":true},{"__meta":{"schema_version":3,"schema_name":"ModelParameterSchemaV3","schema_type":"Iced"},"name":"use_all_factor_levels","label":"use_all_factor_levels","help":"Use all factor levels of categorical variables. Otherwise, the first factor level is omitted (without loss of accuracy). Useful for variable importances and auto-enabled for autoencoder.","required":false,"type":"boolean","default_value":true,"actual_value":true,"level":"secondary","values":[],"is_member_of_frames":[],"is_mutually_exclusive_with":[],"gridable":true},{"__meta":{"schema_version":3,"schema_name":"ModelParameterSchemaV3","schema_type":"Iced"},"name":"standardize","label":"standardize","help":"If enabled, automatically standardize the data. If disabled, the user must provide properly scaled input data.","required":false,"type":"boolean","default_value":true,"actual_value":true,"level":"secondary","values":[],"is_member_of_frames":[],"is_mutually_exclusive_with":[],"gridable":true},{"__meta":{"schema_version":3,"schema_name":"ModelParameterSchemaV3","schema_type":"Iced"},"name":"activation","label":"activation","help":"Activation function.","required":false,"type":"enum","default_value":"Rectifier","actual_value":"Rectifier","level":"critical","values":["Tanh","TanhWithDropout","Rectifier","RectifierWithDropout","Maxout","MaxoutWithDropout"],"is_member_of_frames":[],"is_mutually_exclusive_with":[],"gridable":true},{"__meta":{"schema_version":3,"schema_name":"ModelParameterSchemaV3","schema_type":"Iced"},"name":"hidden","label":"hidden","help":"Hidden layer sizes (e.g. [100, 100]).","required":false,"type":"int[]","default_value":[200,200],"actual_value":[200,200],"level":"critical","values":[],"is_member_of_frames":[],"is_mutually_exclusive_with":[],"gridable":true},{"__meta":{"schema_version":3,"schema_name":"ModelParameterSchemaV3","schema_type":"Iced"},"name":"epochs","label":"epochs","help":"How many times the dataset should be iterated (streamed), can be fractional.","required":false,"type":"double","default_value":10.0,"actual_value":10000.0,"level":"critical","values":[],"is_member_of_frames":[],"is_mutually_exclusive_with":[],"gridable":true},{"__meta":{"schema_version":3,"schema_name":"ModelParameterSchemaV3","schema_type":"Iced"},"name":"train_samples_per_iteration","label":"train_samples_per_iteration","help":"Number of training samples (globally) per MapReduce iteration. Special values are 0: one epoch, -1: all available data (e.g., replicated training data), -2: automatic.","required":false,"type":"long","default_value":-2,"actual_value":-2,"level":"secondary","values":[],"is_member_of_frames":[],"is_mutually_exclusive_with":[],"gridable":true},{"__meta":{"schema_version":3,"schema_name":"ModelParameterSchemaV3","schema_type":"Iced"},"name":"target_ratio_comm_to_comp","label":"target_ratio_comm_to_comp","help":"Target ratio of communication overhead to computation. Only for multi-node operation and train_samples_per_iteration = -2 (auto-tuning).","required":false,"type":"double","default_value":0.05,"actual_value":0.05,"level":"expert","values":[],"is_member_of_frames":[],"is_mutually_exclusive_with":[],"gridable":true},{"__meta":{"schema_version":3,"schema_name":"ModelParameterSchemaV3","schema_type":"Iced"},"name":"seed","label":"seed","help":"Seed for random numbers (affects sampling) - Note: only reproducible when running single threaded.","required":false,"type":"long","default_value":-1,"actual_value":-8137133078399830464,"level":"expert","values":[],"is_member_of_frames":[],"is_mutually_exclusive_with":[],"gridable":true},{"__meta":{"schema_version":3,"schema_name":"ModelParameterSchemaV3","schema_type":"Iced"},"name":"adaptive_rate","label":"adaptive_rate","help":"Adaptive learning rate.","required":false,"type":"boolean","default_value":true,"actual_value":true,"level":"secondary","values":[],"is_member_of_frames":[],"is_mutually_exclusive_with":[],"gridable":true},{"__meta":{"schema_version":3,"schema_name":"ModelParameterSchemaV3","schema_type":"Iced"},"name":"rho","label":"rho","help":"Adaptive learning rate time decay factor (similarity to prior updates).","required":false,"type":"double","default_value":0.99,"actual_value":0.99,"level":"expert","values":[],"is_member_of_frames":[],"is_mutually_exclusive_with":[],"gridable":true},{"__meta":{"schema_version":3,"schema_name":"ModelParameterSchemaV3","schema_type":"Iced"},"name":"epsilon","label":"epsilon","help":"Adaptive learning rate smoothing factor (to avoid divisions by zero and allow progress).","required":false,"type":"double","default_value":1.0E-8,"actual_value":1.0E-8,"level":"expert","values":[],"is_member_of_frames":[],"is_mutually_exclusive_with":[],"gridable":true},{"__meta":{"schema_version":3,"schema_name":"ModelParameterSchemaV3","schema_type":"Iced"},"name":"rate","label":"rate","help":"Learning rate (higher => less stable, lower => slower convergence).","required":false,"type":"double","default_value":0.005,"actual_value":0.005,"level":"expert","values":[],"is_member_of_frames":[],"is_mutually_exclusive_with":[],"gridable":true},{"__meta":{"schema_version":3,"schema_name":"ModelParameterSchemaV3","schema_type":"Iced"},"name":"rate_annealing","label":"rate_annealing","help":"Learning rate annealing: rate / (1 + rate_annealing * samples).","required":false,"type":"double","default_value":1.0E-6,"actual_value":1.0E-6,"level":"expert","values":[],"is_member_of_frames":[],"is_mutually_exclusive_with":[],"gridable":true},{"__meta":{"schema_version":3,"schema_name":"ModelParameterSchemaV3","schema_type":"Iced"},"name":"rate_decay","label":"rate_decay","help":"Learning rate decay factor between layers (N-th layer: rate * rate_decay ^ (n - 1).","required":false,"type":"double","default_value":1.0,"actual_value":1.0,"level":"expert","values":[],"is_member_of_frames":[],"is_mutually_exclusive_with":[],"gridable":true},{"__meta":{"schema_version":3,"schema_name":"ModelParameterSchemaV3","schema_type":"Iced"},"name":"momentum_start","label":"momentum_start","help":"Initial momentum at the beginning of training (try 0.5).","required":false,"type":"double","default_value":0.0,"actual_value":0.0,"level":"expert","values":[],"is_member_of_frames":[],"is_mutually_exclusive_with":[],"gridable":true},{"__meta":{"schema_version":3,"schema_name":"ModelParameterSchemaV3","schema_type":"Iced"},"name":"momentum_ramp","label":"momentum_ramp","help":"Number of training samples for which momentum increases.","required":false,"type":"double","default_value":1000000.0,"actual_value":1000000.0,"level":"expert","values":[],"is_member_of_frames":[],"is_mutually_exclusive_with":[],"gridable":true},{"__meta":{"schema_version":3,"schema_name":"ModelParameterSchemaV3","schema_type":"Iced"},"name":"momentum_stable","label":"momentum_stable","help":"Final momentum after the ramp is over (try 0.99).","required":false,"type":"double","default_value":0.0,"actual_value":0.0,"level":"expert","values":[],"is_member_of_frames":[],"is_mutually_exclusive_with":[],"gridable":true},{"__meta":{"schema_version":3,"schema_name":"ModelParameterSchemaV3","schema_type":"Iced"},"name":"nesterov_accelerated_gradient","label":"nesterov_accelerated_gradient","help":"Use Nesterov accelerated gradient (recommended).","required":false,"type":"boolean","default_value":true,"actual_value":true,"level":"expert","values":[],"is_member_of_frames":[],"is_mutually_exclusive_with":[],"gridable":true},{"__meta":{"schema_version":3,"schema_name":"ModelParameterSchemaV3","schema_type":"Iced"},"name":"input_dropout_ratio","label":"input_dropout_ratio","help":"Input layer dropout ratio (can improve generalization, try 0.1 or 0.2).","required":false,"type":"double","default_value":0.0,"actual_value":0.0,"level":"secondary","values":[],"is_member_of_frames":[],"is_mutually_exclusive_with":[],"gridable":true},{"__meta":{"schema_version":3,"schema_name":"ModelParameterSchemaV3","schema_type":"Iced"},"name":"hidden_dropout_ratios","label":"hidden_dropout_ratios","help":"Hidden layer dropout ratios (can improve generalization), specify one value per hidden layer, defaults to 0.5.","required":false,"type":"double[]","default_value":null,"actual_value":null,"level":"secondary","values":[],"is_member_of_frames":[],"is_mutually_exclusive_with":[],"gridable":true},{"__meta":{"schema_version":3,"schema_name":"ModelParameterSchemaV3","schema_type":"Iced"},"name":"l1","label":"l1","help":"L1 regularization (can add stability and improve generalization, causes many weights to become 0).","required":false,"type":"double","default_value":0.0,"actual_value":0.0,"level":"secondary","values":[],"is_member_of_frames":[],"is_mutually_exclusive_with":[],"gridable":true},{"__meta":{"schema_version":3,"schema_name":"ModelParameterSchemaV3","schema_type":"Iced"},"name":"l2","label":"l2","help":"L2 regularization (can add stability and improve generalization, causes many weights to be small.","required":false,"type":"double","default_value":0.0,"actual_value":0.0,"level":"secondary","values":[],"is_member_of_frames":[],"is_mutually_exclusive_with":[],"gridable":true},{"__meta":{"schema_version":3,"schema_name":"ModelParameterSchemaV3","schema_type":"Iced"},"name":"max_w2","label":"max_w2","help":"Constraint for squared sum of incoming weights per unit (e.g. for Rectifier).","required":false,"type":"float","default_value":3.4028235E38,"actual_value":3.4028235E38,"level":"expert","values":[],"is_member_of_frames":[],"is_mutually_exclusive_with":[],"gridable":true},{"__meta":{"schema_version":3,"schema_name":"ModelParameterSchemaV3","schema_type":"Iced"},"name":"initial_weight_distribution","label":"initial_weight_distribution","help":"Initial weight distribution.","required":false,"type":"enum","default_value":"UniformAdaptive","actual_value":"UniformAdaptive","level":"expert","values":["UniformAdaptive","Uniform","Normal"],"is_member_of_frames":[],"is_mutually_exclusive_with":[],"gridable":true},{"__meta":{"schema_version":3,"schema_name":"ModelParameterSchemaV3","schema_type":"Iced"},"name":"initial_weight_scale","label":"initial_weight_scale","help":"Uniform: -value...value, Normal: stddev.","required":false,"type":"double","default_value":1.0,"actual_value":1.0,"level":"expert","values":[],"is_member_of_frames":[],"is_mutually_exclusive_with":[],"gridable":true},{"__meta":{"schema_version":3,"schema_name":"ModelParameterSchemaV3","schema_type":"Iced"},"name":"initial_weights","label":"initial_weights","help":"A list of H2OFrame ids to initialize the weight matrices of this model with.","required":false,"type":"Key<Frame>[]","default_value":null,"actual_value":null,"level":"expert","values":[],"is_member_of_frames":[],"is_mutually_exclusive_with":[],"gridable":true},{"__meta":{"schema_version":3,"schema_name":"ModelParameterSchemaV3","schema_type":"Iced"},"name":"initial_biases","label":"initial_biases","help":"A list of H2OFrame ids to initialize the bias vectors of this model with.","required":false,"type":"Key<Frame>[]","default_value":null,"actual_value":null,"level":"expert","values":[],"is_member_of_frames":[],"is_mutually_exclusive_with":[],"gridable":true},{"__meta":{"schema_version":3,"schema_name":"ModelParameterSchemaV3","schema_type":"Iced"},"name":"loss","label":"loss","help":"Loss function.","required":false,"type":"enum","default_value":"Automatic","actual_value":"Automatic","level":"secondary","values":["Automatic","CrossEntropy","Quadratic","Huber","Absolute","Quantile"],"is_member_of_frames":[],"is_mutually_exclusive_with":[],"gridable":true},{"__meta":{"schema_version":3,"schema_name":"ModelParameterSchemaV3","schema_type":"Iced"},"name":"distribution","label":"distribution","help":"Distribution function","required":false,"type":"enum","default_value":"AUTO","actual_value":"AUTO","level":"secondary","values":["AUTO","bernoulli","quasibinomial","ordinal","multinomial","gaussian","poisson","gamma","tweedie","laplace","quantile","huber","custom"],"is_member_of_frames":[],"is_mutually_exclusive_with":[],"gridable":true},{"__meta":{"schema_version":3,"schema_name":"ModelParameterSchemaV3","schema_type":"Iced"},"name":"quantile_alpha","label":"quantile_alpha","help":"Desired quantile for Quantile regression, must be between 0 and 1.","required":false,"type":"double","default_value":0.5,"actual_value":0.5,"level":"secondary","values":[],"is_member_of_frames":[],"is_mutually_exclusive_with":[],"gridable":true},{"__meta":{"schema_version":3,"schema_name":"ModelParameterSchemaV3","schema_type":"Iced"},"name":"tweedie_power","label":"tweedie_power","help":"Tweedie power for Tweedie regression, must be between 1 and 2.","required":false,"type":"double","default_value":1.5,"actual_value":1.5,"level":"secondary","values":[],"is_member_of_frames":[],"is_mutually_exclusive_with":[],"gridable":true},{"__meta":{"schema_version":3,"schema_name":"ModelParameterSchemaV3","schema_type":"Iced"},"name":"huber_alpha","label":"huber_alpha","help":"Desired quantile for Huber/M-regression (threshold between quadratic and linear loss, must be between 0 and 1).","required":false,"type":"double","default_value":0.9,"actual_value":0.9,"level":"secondary","values":[],"is_member_of_frames":[],"is_mutually_exclusive_with":[],"gridable":true},{"__meta":{"schema_version":3,"schema_name":"ModelParameterSchemaV3","schema_type":"Iced"},"name":"score_interval","label":"score_interval","help":"Shortest time interval (in seconds) between model scoring.","required":false,"type":"double","default_value":5.0,"actual_value":5.0,"level":"secondary","values":[],"is_member_of_frames":[],"is_mutually_exclusive_with":[],"gridable":true},{"__meta":{"schema_version":3,"schema_name":"ModelParameterSchemaV3","schema_type":"Iced"},"name":"score_training_samples","label":"score_training_samples","help":"Number of training set samples for scoring (0 for all).","required":false,"type":"long","default_value":10000,"actual_value":10000,"level":"secondary","values":[],"is_member_of_frames":[],"is_mutually_exclusive_with":[],"gridable":true},{"__meta":{"schema_version":3,"schema_name":"ModelParameterSchemaV3","schema_type":"Iced"},"name":"score_validation_samples","label":"score_validation_samples","help":"Number of validation set samples for scoring (0 for all).","required":false,"type":"long","default_value":0,"actual_value":10000,"level":"secondary","values":[],"is_member_of_frames":[],"is_mutually_exclusive_with":[],"gridable":true},{"__meta":{"schema_version":3,"schema_name":"ModelParameterSchemaV3","schema_type":"Iced"},"name":"score_duty_cycle","label":"score_duty_cycle","help":"Maximum duty cycle fraction for scoring (lower: more training, higher: more scoring).","required":false,"type":"double","default_value":0.1,"actual_value":0.1,"level":"secondary","values":[],"is_member_of_frames":[],"is_mutually_exclusive_with":[],"gridable":true},{"__meta":{"schema_version":3,"schema_name":"ModelParameterSchemaV3","schema_type":"Iced"},"name":"classification_stop","label":"classification_stop","help":"Stopping criterion for classification error fraction on training data (-1 to disable).","required":false,"type":"double","default_value":0.0,"actual_value":0.0,"level":"expert","values":[],"is_member_of_frames":[],"is_mutually_exclusive_with":[],"gridable":true},{"__meta":{"schema_version":3,"schema_name":"ModelParameterSchemaV3","schema_type":"Iced"},"name":"regression_stop","label":"regression_stop","help":"Stopping criterion for regression error (MSE) on training data (-1 to disable).","required":false,"type":"double","default_value":1.0E-6,"actual_value":1.0E-6,"level":"expert","values":[],"is_member_of_frames":[],"is_mutually_exclusive_with":[],"gridable":true},{"__meta":{"schema_version":3,"schema_name":"ModelParameterSchemaV3","schema_type":"Iced"},"name":"stopping_rounds","label":"stopping_rounds","help":"Early stopping based on convergence of stopping_metric. Stop if simple moving average of length k of the stopping_metric does not improve for k:=stopping_rounds scoring events (0 to disable)","required":false,"type":"int","default_value":5,"actual_value":2,"level":"secondary","values":[],"is_member_of_frames":[],"is_mutually_exclusive_with":[],"gridable":true},{"__meta":{"schema_version":3,"schema_name":"ModelParameterSchemaV3","schema_type":"Iced"},"name":"stopping_metric","label":"stopping_metric","help":"Metric to use for early stopping (AUTO: logloss for classification, deviance for regression and anonomaly_score for Isolation Forest). Note that custom and custom_increasing can only be used in GBM and DRF with the Python client.","required":false,"type":"enum","default_value":"AUTO","actual_value":"MSE","level":"secondary","values":["AUTO","deviance","logloss","MSE","RMSE","MAE","RMSLE","AUC","AUCPR","lift_top_group","misclassification","mean_per_class_error","anomaly_score","custom","custom_increasing"],"is_member_of_frames":[],"is_mutually_exclusive_with":[],"gridable":true},{"__meta":{"schema_version":3,"schema_name":"ModelParameterSchemaV3","schema_type":"Iced"},"name":"stopping_tolerance","label":"stopping_tolerance","help":"Relative tolerance for metric-based stopping criterion (stop if relative improvement is not at least this much)","required":false,"type":"double","default_value":0.0,"actual_value":0.01,"level":"secondary","values":[],"is_member_of_frames":[],"is_mutually_exclusive_with":[],"gridable":true},{"__meta":{"schema_version":3,"schema_name":"ModelParameterSchemaV3","schema_type":"Iced"},"name":"max_runtime_secs","label":"max_runtime_secs","help":"Maximum allowed runtime in seconds for model training. Use 0 to disable.","required":false,"type":"double","default_value":0.0,"actual_value":0.0,"level":"secondary","values":[],"is_member_of_frames":[],"is_mutually_exclusive_with":[],"gridable":true},{"__meta":{"schema_version":3,"schema_name":"ModelParameterSchemaV3","schema_type":"Iced"},"name":"score_validation_sampling","label":"score_validation_sampling","help":"Method used to sample validation dataset for scoring.","required":false,"type":"enum","default_value":"Uniform","actual_value":"Uniform","level":"expert","values":["Uniform","Stratified"],"is_member_of_frames":[],"is_mutually_exclusive_with":[],"gridable":true},{"__meta":{"schema_version":3,"schema_name":"ModelParameterSchemaV3","schema_type":"Iced"},"name":"diagnostics","label":"diagnostics","help":"Enable diagnostics for hidden layers.","required":false,"type":"boolean","default_value":true,"actual_value":true,"level":"expert","values":[],"is_member_of_frames":[],"is_mutually_exclusive_with":[],"gridable":false},{"__meta":{"schema_version":3,"schema_name":"ModelParameterSchemaV3","schema_type":"Iced"},"name":"fast_mode","label":"fast_mode","help":"Enable fast mode (minor approximation in back-propagation).","required":false,"type":"boolean","default_value":true,"actual_value":true,"level":"expert","values":[],"is_member_of_frames":[],"is_mutually_exclusive_with":[],"gridable":true},{"__meta":{"schema_version":3,"schema_name":"ModelParameterSchemaV3","schema_type":"Iced"},"name":"force_load_balance","label":"force_load_balance","help":"Force extra load balancing to increase training speed for small datasets (to keep all cores busy).","required":false,"type":"boolean","default_value":true,"actual_value":true,"level":"expert","values":[],"is_member_of_frames":[],"is_mutually_exclusive_with":[],"gridable":true},{"__meta":{"schema_version":3,"schema_name":"ModelParameterSchemaV3","schema_type":"Iced"},"name":"variable_importances","label":"variable_importances","help":"Compute variable importances for input features (Gedeon method) - can be slow for large networks.","required":false,"type":"boolean","default_value":true,"actual_value":true,"level":"critical","values":[],"is_member_of_frames":[],"is_mutually_exclusive_with":[],"gridable":true},{"__meta":{"schema_version":3,"schema_name":"ModelParameterSchemaV3","schema_type":"Iced"},"name":"replicate_training_data","label":"replicate_training_data","help":"Replicate the entire training dataset onto every node for faster training on small datasets.","required":false,"type":"boolean","default_value":true,"actual_value":true,"level":"secondary","values":[],"is_member_of_frames":[],"is_mutually_exclusive_with":[],"gridable":true},{"__meta":{"schema_version":3,"schema_name":"ModelParameterSchemaV3","schema_type":"Iced"},"name":"single_node_mode","label":"single_node_mode","help":"Run on a single node for fine-tuning of model parameters.","required":false,"type":"boolean","default_value":false,"actual_value":false,"level":"expert","values":[],"is_member_of_frames":[],"is_mutually_exclusive_with":[],"gridable":true},{"__meta":{"schema_version":3,"schema_name":"ModelParameterSchemaV3","schema_type":"Iced"},"name":"shuffle_training_data","label":"shuffle_training_data","help":"Enable shuffling of training data (recommended if training data is replicated and train_samples_per_iteration is close to #nodes x #rows, of if using balance_classes).","required":false,"type":"boolean","default_value":false,"actual_value":false,"level":"expert","values":[],"is_member_of_frames":[],"is_mutually_exclusive_with":[],"gridable":true},{"__meta":{"schema_version":3,"schema_name":"ModelParameterSchemaV3","schema_type":"Iced"},"name":"missing_values_handling","label":"missing_values_handling","help":"Handling of missing values. Either MeanImputation or Skip.","required":false,"type":"enum","default_value":"MeanImputation","actual_value":"MeanImputation","level":"expert","values":["MeanImputation","Skip"],"is_member_of_frames":[],"is_mutually_exclusive_with":[],"gridable":true},{"__meta":{"schema_version":3,"schema_name":"ModelParameterSchemaV3","schema_type":"Iced"},"name":"quiet_mode","label":"quiet_mode","help":"Enable quiet mode for less output to standard output.","required":false,"type":"boolean","default_value":false,"actual_value":false,"level":"expert","values":[],"is_member_of_frames":[],"is_mutually_exclusive_with":[],"gridable":true},{"__meta":{"schema_version":3,"schema_name":"ModelParameterSchemaV3","schema_type":"Iced"},"name":"autoencoder","label":"autoencoder","help":"Auto-Encoder.","required":false,"type":"boolean","default_value":false,"actual_value":false,"level":"secondary","values":[],"is_member_of_frames":[],"is_mutually_exclusive_with":[],"gridable":false},{"__meta":{"schema_version":3,"schema_name":"ModelParameterSchemaV3","schema_type":"Iced"},"name":"sparse","label":"sparse","help":"Sparse data handling (more efficient for data with lots of 0 values).","required":false,"type":"boolean","default_value":false,"actual_value":false,"level":"expert","values":[],"is_member_of_frames":[],"is_mutually_exclusive_with":[],"gridable":true},{"__meta":{"schema_version":3,"schema_name":"ModelParameterSchemaV3","schema_type":"Iced"},"name":"col_major","label":"col_major","help":"#DEPRECATED Use a column major weight matrix for input layer. Can speed up forward propagation, but might slow down backpropagation.","required":false,"type":"boolean","default_value":false,"actual_value":false,"level":"expert","values":[],"is_member_of_frames":[],"is_mutually_exclusive_with":[],"gridable":true},{"__meta":{"schema_version":3,"schema_name":"ModelParameterSchemaV3","schema_type":"Iced"},"name":"average_activation","label":"average_activation","help":"Average activation for sparse auto-encoder. #Experimental","required":false,"type":"double","default_value":0.0,"actual_value":0.0,"level":"expert","values":[],"is_member_of_frames":[],"is_mutually_exclusive_with":[],"gridable":true},{"__meta":{"schema_version":3,"schema_name":"ModelParameterSchemaV3","schema_type":"Iced"},"name":"sparsity_beta","label":"sparsity_beta","help":"Sparsity regularization. #Experimental","required":false,"type":"double","default_value":0.0,"actual_value":0.0,"level":"expert","values":[],"is_member_of_frames":[],"is_mutually_exclusive_with":[],"gridable":true},{"__meta":{"schema_version":3,"schema_name":"ModelParameterSchemaV3","schema_type":"Iced"},"name":"max_categorical_features","label":"max_categorical_features","help":"Max. number of categorical features, enforced via hashing. #Experimental","required":false,"type":"int","default_value":2147483647,"actual_value":2147483647,"level":"expert","values":[],"is_member_of_frames":[],"is_mutually_exclusive_with":[],"gridable":true},{"__meta":{"schema_version":3,"schema_name":"ModelParameterSchemaV3","schema_type":"Iced"},"name":"reproducible","label":"reproducible","help":"Force reproducibility on small data (will be slow - only uses 1 thread).","required":false,"type":"boolean","default_value":false,"actual_value":false,"level":"expert","values":[],"is_member_of_frames":[],"is_mutually_exclusive_with":[],"gridable":true},{"__meta":{"schema_version":3,"schema_name":"ModelParameterSchemaV3","schema_type":"Iced"},"name":"export_weights_and_biases","label":"export_weights_and_biases","help":"Whether to export Neural Network weights and biases to H2O Frames.","required":false,"type":"boolean","default_value":false,"actual_value":false,"level":"expert","values":[],"is_member_of_frames":[],"is_mutually_exclusive_with":[],"gridable":false},{"__meta":{"schema_version":3,"schema_name":"ModelParameterSchemaV3","schema_type":"Iced"},"name":"mini_batch_size","label":"mini_batch_size","help":"Mini-batch size (smaller leads to better fit, larger can speed up and generalize better).","required":false,"type":"int","default_value":1,"actual_value":1,"level":"expert","values":[],"is_member_of_frames":[],"is_mutually_exclusive_with":[],"gridable":false},{"__meta":{"schema_version":3,"schema_name":"ModelParameterSchemaV3","schema_type":"Iced"},"name":"categorical_encoding","label":"categorical_encoding","help":"Encoding scheme for categorical features","required":false,"type":"enum","default_value":"AUTO","actual_value":"AUTO","level":"secondary","values":["AUTO","Enum","OneHotInternal","OneHotExplicit","Binary","Eigen","LabelEncoder","SortByResponse","EnumLimited"],"is_member_of_frames":[],"is_mutually_exclusive_with":[],"gridable":true},{"__meta":{"schema_version":3,"schema_name":"ModelParameterSchemaV3","schema_type":"Iced"},"name":"elastic_averaging","label":"elastic_averaging","help":"Elastic averaging between compute nodes can improve distributed model convergence. #Experimental","required":false,"type":"boolean","default_value":false,"actual_value":false,"level":"expert","values":[],"is_member_of_frames":[],"is_mutually_exclusive_with":[],"gridable":true},{"__meta":{"schema_version":3,"schema_name":"ModelParameterSchemaV3","schema_type":"Iced"},"name":"elastic_averaging_moving_rate","label":"elastic_averaging_moving_rate","help":"Elastic averaging moving rate (only if elastic averaging is enabled).","required":false,"type":"double","default_value":0.9,"actual_value":0.9,"level":"expert","values":[],"is_member_of_frames":[],"is_mutually_exclusive_with":[],"gridable":true},{"__meta":{"schema_version":3,"schema_name":"ModelParameterSchemaV3","schema_type":"Iced"},"name":"elastic_averaging_regularization","label":"elastic_averaging_regularization","help":"Elastic averaging regularization strength (only if elastic averaging is enabled).","required":false,"type":"double","default_value":0.001,"actual_value":0.001,"level":"expert","values":[],"is_member_of_frames":[],"is_mutually_exclusive_with":[],"gridable":true},{"__meta":{"schema_version":3,"schema_name":"ModelParameterSchemaV3","schema_type":"Iced"},"name":"export_checkpoints_dir","label":"export_checkpoints_dir","help":"Automatically export generated models to this directory.","required":false,"type":"string","default_value":null,"actual_value":null,"level":"secondary","values":[],"is_member_of_frames":[],"is_mutually_exclusive_with":[],"gridable":false}],"output":{"__meta":{"schema_version":3,"schema_name":"DeepLearningModelOutputV3","schema_type":"DeepLearningModelOutput"},"names":["SN.38.aml","OSI.930.aml","pazopanib.aml","Topotecan.aml","QL.XI.92.aml","SR.II.138A.aml","Bleomycin.aml","Midostaurin.aml","NVP.BSK805.aml","ABT.737.aml","KU.60019.aml","ML210.aml","Mitomycin.C.aml","CGP.60474.aml","QS11.aml","erastin.aml","GW843682X.aml","KX2.391.aml","parbendazole.aml","Lisitinib.aml","FH535.aml","STF.31.aml","rigosertib.aml","AS605240.aml","response"],"original_names":["SN.38.aml","OSI.930.aml","pazopanib.aml","Topotecan.aml","QL.XI.92.aml","SR.II.138A.aml","Bleomycin.aml","Midostaurin.aml","NVP.BSK805.aml","ABT.737.aml","KU.60019.aml","ML210.aml","Mitomycin.C.aml","CGP.60474.aml","QS11.aml","erastin.aml","GW843682X.aml","KX2.391.aml","parbendazole.aml","Lisitinib.aml","FH535.aml","STF.31.aml","rigosertib.aml","AS605240.aml","response"],"column_types":["Numeric","Numeric","Numeric","Numeric","Numeric","Numeric","Numeric","Numeric","Numeric","Numeric","Numeric","Numeric","Numeric","Numeric","Numeric","Numeric","Numeric","Numeric","Numeric","Numeric","Numeric","Numeric","Numeric","Numeric","Numeric"],"domains":[null,null,null,null,null,null,null,null,null,null,null,null,null,null,null,null,null,null,null,null,null,null,null,null,null],"cross_validation_models":null,"cross_validation_predictions":null,"cross_validation_holdout_predictions_frame_id":null,"cross_validation_fold_assignment_frame_id":null,"model_category":"Regression","model_summary":{"__meta":{"schema_version":3,"schema_name":"TwoDimTableV3","schema_type":"TwoDimTable"},"name":"Status of Neuron Layers","description":"predicting response, regression, gaussian distribution, Quadratic loss, 45,401 weights/biases, 544.5 KB, 151,040 training samples, mini-batch size 1","columns":[{"__meta":{"schema_version":-1,"schema_name":"ColumnSpecsBase","schema_type":"Iced"},"name":"","type":"string","format":"%s","description":""},{"__meta":{"schema_version":-1,"schema_name":"ColumnSpecsBase","schema_type":"Iced"},"name":"layer","type":"int","format":"%d","description":"Layer"},{"__meta":{"schema_version":-1,"schema_name":"ColumnSpecsBase","schema_type":"Iced"},"name":"units","type":"int","format":"%d","description":"Units"},{"__meta":{"schema_version":-1,"schema_name":"ColumnSpecsBase","schema_type":"Iced"},"name":"type","type":"string","format":"%s","description":"Type"},{"__meta":{"schema_version":-1,"schema_name":"ColumnSpecsBase","schema_type":"Iced"},"name":"dropout","type":"double","format":"%2.2f %%","description":"Dropout"},{"__meta":{"schema_version":-1,"schema_name":"ColumnSpecsBase","schema_type":"Iced"},"name":"l1","type":"double","format":"%5f","description":"L1"},{"__meta":{"schema_version":-1,"schema_name":"ColumnSpecsBase","schema_type":"Iced"},"name":"l2","type":"double","format":"%5f","description":"L2"},{"__meta":{"schema_version":-1,"schema_name":"ColumnSpecsBase","schema_type":"Iced"},"name":"mean_rate","type":"double","format":"%5f","description":"Mean Rate"},{"__meta":{"schema_version":-1,"schema_name":"ColumnSpecsBase","schema_type":"Iced"},"name":"rate_rms","type":"double","format":"%5f","description":"Rate RMS"},{"__meta":{"schema_version":-1,"schema_name":"ColumnSpecsBase","schema_type":"Iced"},"name":"momentum","type":"double","format":"%5f","description":"Momentum"},{"__meta":{"schema_version":-1,"schema_name":"ColumnSpecsBase","schema_type":"Iced"},"name":"mean_weight","type":"double","format":"%5f","description":"Mean Weight"},{"__meta":{"schema_version":-1,"schema_name":"ColumnSpecsBase","schema_type":"Iced"},"name":"weight_rms","type":"double","format":"%5f","description":"Weight RMS"},{"__meta":{"schema_version":-1,"schema_name":"ColumnSpecsBase","schema_type":"Iced"},"name":"mean_bias","type":"double","format":"%5f","description":"Mean Bias"},{"__meta":{"schema_version":-1,"schema_name":"ColumnSpecsBase","schema_type":"Iced"},"name":"bias_rms","type":"double","format":"%5f","description":"Bias RMS"}],"rowcount":4,"data":[["","","",""],[1,2,3,4],[24,200,200,1],["Input","Rectifier","Rectifier","Linear"],[0.0,0,0,null],[null,0.0,0.0,0.0],[null,0.0,0.0,0.0],[null,0.0027495978396170056,0.009737382279864686,2.4486531397997167E-4],[null,0.0018446813337504864,0.021504022181034088,2.80568259768188E-4],[null,0.0,0.0,0.0],[null,0.001030020189600691,-0.006227241450712949,0.0013266531549743377],[null,0.09672033786773682,0.06996965408325195,0.08726170659065247],[null,0.49915735328985233,0.9850568875399748,0.0012272004899516766],[null,0.009366318583488464,0.010673493146896362,1.0971281125650402E-154]]},"scoring_history":{"__meta":{"schema_version":3,"schema_name":"TwoDimTableV3","schema_type":"TwoDimTable"},"name":"Scoring History","description":"","columns":[{"__meta":{"schema_version":-1,"schema_name":"ColumnSpecsBase","schema_type":"Iced"},"name":"","type":"string","format":"%s","description":""},{"__meta":{"schema_version":-1,"schema_name":"ColumnSpecsBase","schema_type":"Iced"},"name":"timestamp","type":"string","format":"%s","description":"Timestamp"},{"__meta":{"schema_version":-1,"schema_name":"ColumnSpecsBase","schema_type":"Iced"},"name":"duration","type":"string","format":"%s","description":"Duration"},{"__meta":{"schema_version":-1,"schema_name":"ColumnSpecsBase","schema_type":"Iced"},"name":"training_speed","type":"string","format":"%s","description":"Training Speed"},{"__meta":{"schema_version":-1,"schema_name":"ColumnSpecsBase","schema_type":"Iced"},"name":"epochs","type":"double","format":"%.5f","description":"Epochs"},{"__meta":{"schema_version":-1,"schema_name":"ColumnSpecsBase","schema_type":"Iced"},"name":"iterations","type":"int","format":"%d","description":"Iterations"},{"__meta":{"schema_version":-1,"schema_name":"ColumnSpecsBase","schema_type":"Iced"},"name":"samples","type":"double","format":"%f","description":"Samples"},{"__meta":{"schema_version":-1,"schema_name":"ColumnSpecsBase","schema_type":"Iced"},"name":"training_rmse","type":"double","format":"%.5f","description":"Training RMSE"},{"__meta":{"schema_version":-1,"schema_name":"ColumnSpecsBase","schema_type":"Iced"},"name":"training_deviance","type":"double","format":"%.5f","description":"Training Deviance"},{"__meta":{"schema_version":-1,"schema_name":"ColumnSpecsBase","schema_type":"Iced"},"name":"training_mae","type":"double","format":"%.5f","description":"Training MAE"},{"__meta":{"schema_version":-1,"schema_name":"ColumnSpecsBase","schema_type":"Iced"},"name":"training_r2","type":"double","format":"%.5f","description":"Training r2"},{"__meta":{"schema_version":-1,"schema_name":"ColumnSpecsBase","schema_type":"Iced"},"name":"validation_rmse","type":"double","format":"%.5f","description":"Validation RMSE"},{"__meta":{"schema_version":-1,"schema_name":"ColumnSpecsBase","schema_type":"Iced"},"name":"validation_deviance","type":"double","format":"%.5f","description":"Validation Deviance"},{"__meta":{"schema_version":-1,"schema_name":"ColumnSpecsBase","schema_type":"Iced"},"name":"validation_mae","type":"double","format":"%.5f","description":"Validation MAE"},{"__meta":{"schema_version":-1,"schema_name":"ColumnSpecsBase","schema_type":"Iced"},"name":"validation_r2","type":"double","format":"%.5f","description":"Validation r2"}],"rowcount":5,"data":[["","","","",""],["2020-07-22 10:53:44","2020-07-22 10:53:44","2020-07-22 10:53:49","2020-07-22 10:53:54","2020-07-22 10:53:54"],[" 0.000 sec"," 0.055 sec"," 5.065 sec","10.069 sec","10.081 sec"],[null,"4210 obs/sec","13365 obs/sec","15049 obs/sec","15042 obs/sec"],[0.0,10.0,4210.0,9440.0,9440.0],[0,1,421,944,944],[0.0,160.0,67360.0,151040.0,151040.0],["NaN",0.04721446577233171,0.0013719458423812772,6.310687655156982E-4,0.04721446577233171],["NaN",0.0022292057781666827,1.8822353944272724E-6,3.982477868095073E-7,0.0022292057781666827],["NaN",0.03518022888880275,0.0011491831884071994,4.8006597338543996E-4,0.03518022888880275],["NaN",0.7933370651188285,0.9998255036414496,0.9999630796505024,0.7933370651188285],["NaN",0.08646015839781812,0.10406961598403723,0.10459922715964753,0.08646015839781812],["NaN",0.0074753589901758,0.010830484971064976,0.010940998322395546,0.0074753589901758],["NaN",0.07304816743145347,0.08896191385967614,0.08722949086785281,0.07304816743145347],["NaN",0.30383834343921334,-0.008616224146846374,-0.018908058670844774,0.30383834343921334]]},"training_metrics":{"__meta":{"schema_version":3,"schema_name":"ModelMetricsRegressionV3","schema_type":"ModelMetricsRegression"},"model":{"__meta":{"schema_version":3,"schema_name":"ModelKeyV3","schema_type":"Key<Model>"},"name":"DeepLearning_model_R_1595330942489_594","type":"Key<Model>","URL":"/3/Models/DeepLearning_model_R_1595330942489_594"},"model_checksum":6182958087409205600,"frame":null,"frame_checksum":0,"description":"Metrics reported on full training frame","model_category":"Regression","scoring_time":1595411634548,"predictions":null,"MSE":0.0022292057781666827,"RMSE":0.04721446577233171,"nobs":16,"custom_metric_name":null,"custom_metric_value":0.0,"r2":0.7933370651188285,"mean_residual_deviance":0.0022292057781666827,"mae":0.03518022888880275,"rmsle":0.03823234581005107},"validation_metrics":{"__meta":{"schema_version":3,"schema_name":"ModelMetricsRegressionV3","schema_type":"ModelMetricsRegression"},"model":{"__meta":{"schema_version":3,"schema_name":"ModelKeyV3","schema_type":"Key<Model>"},"name":"DeepLearning_model_R_1595330942489_594","type":"Key<Model>","URL":"/3/Models/DeepLearning_model_R_1595330942489_594"},"model_checksum":6182958087409205600,"frame":null,"frame_checksum":0,"description":"Metrics reported on full validation frame","model_category":"Regression","scoring_time":1595411634549,"predictions":null,"MSE":0.0074753589901758,"RMSE":0.08646015839781812,"nobs":4,"custom_metric_name":null,"custom_metric_value":0.0,"r2":0.30383834343921334,"mean_residual_deviance":0.0074753589901758,"mae":0.07304816743145347,"rmsle":0.07077097265583114},"cross_validation_metrics":null,"cross_validation_metrics_summary":null,"status":null,"start_time":1595411624477,"end_time":1595411634558,"run_time":10081,"help":{"run_time":"Runtime in milliseconds", "biases":"Frame keys for bias vectors", "domains":"Domains for categorical columns", "__meta":"Metadata on this schema instance, to make it self-describing.", "scoring_history":"Scoring history", "help":"Help information for output fields", "normrespsub":"Normalization/Standardization offsets for numeric response", "training_metrics":"Training data model metrics", "normsub":"Normalization/Standardization offsets for numeric predictors", "cross_validation_models":"Cross-validation models (model ids)", "cross_validation_predictions":"Cross-validation predictions, one per cv model (deprecated, use cross_validation_holdout_predictions_frame_id instead)", "cross_validation_holdout_predictions_frame_id":"Cross-validation holdout predictions (full out-of-sample predictions on training data)", "cross_validation_metrics_summary":"Cross-validation model metrics summary", "status":"Job status", "model_category":"Category of the model (e.g., Binomial)", "variable_importances":"Variable Importances", "catoffsets":"Categorical offsets for one-hot encoding", "model_summary":"Model summary", "weights":"Frame keys for weight matrices", "names":"Column names", "normrespmul":"Normalization/Standardization multipliers for numeric response", "original_names":"Original column names", "column_types":"Column types", "normmul":"Normalization/Standardization multipliers for numeric predictors", "cross_validation_fold_assignment_frame_id":"Cross-validation fold assignment (each row is assigned to one holdout fold)", "cross_validation_metrics":"Cross-validation model metrics", "validation_metrics":"Validation data model metrics", "start_time":"Start time in milliseconds", "end_time":"End time in milliseconds"},"weights":null,"biases":null,"normmul":null,"normsub":null,"normrespmul":null,"normrespsub":null,"catoffsets":null,"variable_importances":{"__meta":{"schema_version":3,"schema_name":"TwoDimTableV3","schema_type":"TwoDimTable"},"name":"Variable Importances","description":"","columns":[{"__meta":{"schema_version":-1,"schema_name":"ColumnSpecsBase","schema_type":"Iced"},"name":"variable","type":"string","format":"%s","description":"Variable"},{"__meta":{"schema_version":-1,"schema_name":"ColumnSpecsBase","schema_type":"Iced"},"name":"relative_importance","type":"double","format":"%5f","description":"Relative Importance"},{"__meta":{"schema_version":-1,"schema_name":"ColumnSpecsBase","schema_type":"Iced"},"name":"scaled_importance","type":"double","format":"%5f","description":"Scaled Importance"},{"__meta":{"schema_version":-1,"schema_name":"ColumnSpecsBase","schema_type":"Iced"},"name":"percentage","type":"double","format":"%5f","description":"Percentage"}],"rowcount":24,"data":[["CGP.60474.aml","ML210.aml","KU.60019.aml","Mitomycin.C.aml","SN.38.aml","QS11.aml","NVP.BSK805.aml","parbendazole.aml","Bleomycin.aml","FH535.aml","QL.XI.92.aml","pazopanib.aml","erastin.aml","ABT.737.aml","GW843682X.aml","OSI.930.aml","AS605240.aml","Lisitinib.aml","Topotecan.aml","SR.II.138A.aml","Midostaurin.aml","STF.31.aml","KX2.391.aml","rigosertib.aml"],[1.0,0.978672444820404,0.9577736854553223,0.9537380933761597,0.9461756348609924,0.9456117153167725,0.9444342851638794,0.9420819878578186,0.935362696647644,0.9282804727554321,0.9269507527351379,0.9236452579498291,0.916742205619812,0.9103665947914124,0.9094328284263611,0.8997960090637207,0.8918367624282837,0.8799014687538147,0.8772718906402588,0.8689327239990234,0.8634915947914124,0.860029399394989,0.858854353427887,0.8414320349693298],[1.0,0.978672444820404,0.9577736854553223,0.9537380933761597,0.9461756348609924,0.9456117153167725,0.9444342851638794,0.9420819878578186,0.935362696647644,0.9282804727554321,0.9269507527351379,0.9236452579498291,0.916742205619812,0.9103665947914124,0.9094328284263611,0.8997960090637207,0.8918367624282837,0.8799014687538147,0.8772718906402588,0.8689327239990234,0.8634915947914124,0.860029399394989,0.858854353427887,0.8414320349693298],[0.04553565087912843,0.044564486772365,0.04361284816210972,0.04342908485010239,0.04308472337936784,0.043059044935878324,0.043005429887501626,0.04289831649860893,0.042592349199907224,0.04226985552530364,0.042209305858692536,0.042058788002165934,0.04174445302126592,0.041454135432442724,0.04141161577324108,0.04097279693115866,0.04061036745510652,0.040066886089206034,0.03994714653826775,0.03956741715746959,0.03931965179748358,0.03916199847663672,0.03910849199371184,0.03831515538287798]]}},"compatible_frames":null}
