{"__meta":{"schema_version":3,"schema_name":"DeepLearningModelV3","schema_type":"DeepLearningModel"},"model_id":{"__meta":{"schema_version":3,"schema_name":"ModelKeyV3","schema_type":"Key<Model>"},"name":"DeepLearning_model_R_1595174110316_347","type":"Key<Model>","URL":"/3/Models/DeepLearning_model_R_1595174110316_347"},"algo":"deeplearning","algo_full_name":"Deep Learning","response_column_name":"response","data_frame":{"__meta":{"schema_version":3,"schema_name":"FrameKeyV3","schema_type":"Key<Frame>"},"name":"df.to_sid_aa51_18989","type":"Key<Frame>","URL":"/3/Frames/df.to_sid_aa51_18989"},"timestamp":1595201047655,"have_pojo":true,"have_mojo":true,"algo":"deeplearning","algo_full_name":"Deep Learning","model_id":{"__meta":{"schema_version":3,"schema_name":"ModelKeyV3","schema_type":"Key<Model>"},"name":"DeepLearning_model_R_1595174110316_347","type":"Key<Model>","URL":"/3/Models/DeepLearning_model_R_1595174110316_347"},"parameters":[{"__meta":{"schema_version":3,"schema_name":"ModelParameterSchemaV3","schema_type":"Iced"},"name":"model_id","label":"model_id","help":"Destination id for this model; auto-generated if not specified.","required":false,"type":"Key<Model>","default_value":null,"actual_value":{"__meta":{"schema_version":3,"schema_name":"ModelKeyV3","schema_type":"Key<Model>"},"name":"DeepLearning_model_R_1595174110316_347","type":"Key<Model>","URL":"/3/Models/DeepLearning_model_R_1595174110316_347"},"level":"critical","values":[],"is_member_of_frames":[],"is_mutually_exclusive_with":[],"gridable":false},{"__meta":{"schema_version":3,"schema_name":"ModelParameterSchemaV3","schema_type":"Iced"},"name":"training_frame","label":"training_frame","help":"Id of the training data frame.","required":false,"type":"Key<Frame>","default_value":null,"actual_value":null,"level":"critical","values":[],"is_member_of_frames":[],"is_mutually_exclusive_with":[],"gridable":false},{"__meta":{"schema_version":3,"schema_name":"ModelParameterSchemaV3","schema_type":"Iced"},"name":"validation_frame","label":"validation_frame","help":"Id of the validation data frame.","required":false,"type":"Key<Frame>","default_value":null,"actual_value":null,"level":"critical","values":[],"is_member_of_frames":[],"is_mutually_exclusive_with":[],"gridable":true},{"__meta":{"schema_version":3,"schema_name":"ModelParameterSchemaV3","schema_type":"Iced"},"name":"nfolds","label":"nfolds","help":"Number of folds for K-fold cross-validation (0 to disable or >= 2).","required":false,"type":"int","default_value":0,"actual_value":0,"level":"critical","values":[],"is_member_of_frames":[],"is_mutually_exclusive_with":[],"gridable":false},{"__meta":{"schema_version":3,"schema_name":"ModelParameterSchemaV3","schema_type":"Iced"},"name":"keep_cross_validation_models","label":"keep_cross_validation_models","help":"Whether to keep the cross-validation models.","required":false,"type":"boolean","default_value":true,"actual_value":true,"level":"expert","values":[],"is_member_of_frames":[],"is_mutually_exclusive_with":[],"gridable":false},{"__meta":{"schema_version":3,"schema_name":"ModelParameterSchemaV3","schema_type":"Iced"},"name":"keep_cross_validation_predictions","label":"keep_cross_validation_predictions","help":"Whether to keep the predictions of the cross-validation models.","required":false,"type":"boolean","default_value":false,"actual_value":false,"level":"expert","values":[],"is_member_of_frames":[],"is_mutually_exclusive_with":[],"gridable":false},{"__meta":{"schema_version":3,"schema_name":"ModelParameterSchemaV3","schema_type":"Iced"},"name":"keep_cross_validation_fold_assignment","label":"keep_cross_validation_fold_assignment","help":"Whether to keep the cross-validation fold assignment.","required":false,"type":"boolean","default_value":false,"actual_value":false,"level":"expert","values":[],"is_member_of_frames":[],"is_mutually_exclusive_with":[],"gridable":false},{"__meta":{"schema_version":3,"schema_name":"ModelParameterSchemaV3","schema_type":"Iced"},"name":"fold_assignment","label":"fold_assignment","help":"Cross-validation fold assignment scheme, if fold_column is not specified. The 'Stratified' option will stratify the folds based on the response variable, for classification problems.","required":false,"type":"enum","default_value":"AUTO","actual_value":"AUTO","level":"secondary","values":["AUTO","Random","Modulo","Stratified"],"is_member_of_frames":[],"is_mutually_exclusive_with":[],"gridable":true},{"__meta":{"schema_version":3,"schema_name":"ModelParameterSchemaV3","schema_type":"Iced"},"name":"fold_column","label":"fold_column","help":"Column with cross-validation fold index assignment per observation.","required":false,"type":"VecSpecifier","default_value":null,"actual_value":null,"level":"secondary","values":[],"is_member_of_frames":["training_frame"],"is_mutually_exclusive_with":["response_column","weights_column","ignored_columns","offset_column"],"gridable":true},{"__meta":{"schema_version":3,"schema_name":"ModelParameterSchemaV3","schema_type":"Iced"},"name":"response_column","label":"response_column","help":"Response variable column.","required":false,"type":"VecSpecifier","default_value":null,"actual_value":{"__meta":{"schema_version":3,"schema_name":"ColSpecifierV3","schema_type":"VecSpecifier"},"column_name":"response","is_member_of_frames":null},"level":"critical","values":[],"is_member_of_frames":["training_frame","validation_frame"],"is_mutually_exclusive_with":["weights_column","ignored_columns","offset_column","fold_column"],"gridable":true},{"__meta":{"schema_version":3,"schema_name":"ModelParameterSchemaV3","schema_type":"Iced"},"name":"ignored_columns","label":"ignored_columns","help":"Names of columns to ignore for training.","required":false,"type":"string[]","default_value":null,"actual_value":[""],"level":"critical","values":[],"is_member_of_frames":["training_frame","validation_frame"],"is_mutually_exclusive_with":["response_column","weights_column","offset_column","fold_column"],"gridable":false},{"__meta":{"schema_version":3,"schema_name":"ModelParameterSchemaV3","schema_type":"Iced"},"name":"ignore_const_cols","label":"ignore_const_cols","help":"Ignore constant columns.","required":false,"type":"boolean","default_value":true,"actual_value":true,"level":"critical","values":[],"is_member_of_frames":[],"is_mutually_exclusive_with":[],"gridable":false},{"__meta":{"schema_version":3,"schema_name":"ModelParameterSchemaV3","schema_type":"Iced"},"name":"score_each_iteration","label":"score_each_iteration","help":"Whether to score during each iteration of model training.","required":false,"type":"boolean","default_value":false,"actual_value":false,"level":"secondary","values":[],"is_member_of_frames":[],"is_mutually_exclusive_with":[],"gridable":false},{"__meta":{"schema_version":3,"schema_name":"ModelParameterSchemaV3","schema_type":"Iced"},"name":"weights_column","label":"weights_column","help":"Column with observation weights. Giving some observation a weight of zero is equivalent to excluding it from the dataset; giving an observation a relative weight of 2 is equivalent to repeating that row twice. Negative weights are not allowed. Note: Weights are per-row observation weights and do not increase the size of the data frame. This is typically the number of times a row is repeated, but non-integer values are supported as well. During training, rows with higher weights matter more, due to the larger loss function pre-factor.","required":false,"type":"VecSpecifier","default_value":null,"actual_value":null,"level":"secondary","values":[],"is_member_of_frames":["training_frame","validation_frame"],"is_mutually_exclusive_with":["response_column","ignored_columns","offset_column","fold_column"],"gridable":true},{"__meta":{"schema_version":3,"schema_name":"ModelParameterSchemaV3","schema_type":"Iced"},"name":"offset_column","label":"offset_column","help":"Offset column. This will be added to the combination of columns before applying the link function.","required":false,"type":"VecSpecifier","default_value":null,"actual_value":null,"level":"secondary","values":[],"is_member_of_frames":["training_frame","validation_frame"],"is_mutually_exclusive_with":["response_column","weights_column","ignored_columns","fold_column"],"gridable":true},{"__meta":{"schema_version":3,"schema_name":"ModelParameterSchemaV3","schema_type":"Iced"},"name":"balance_classes","label":"balance_classes","help":"Balance training data class counts via over/under-sampling (for imbalanced data).","required":false,"type":"boolean","default_value":false,"actual_value":false,"level":"secondary","values":[],"is_member_of_frames":[],"is_mutually_exclusive_with":[],"gridable":true},{"__meta":{"schema_version":3,"schema_name":"ModelParameterSchemaV3","schema_type":"Iced"},"name":"class_sampling_factors","label":"class_sampling_factors","help":"Desired over/under-sampling ratios per class (in lexicographic order). If not specified, sampling factors will be automatically computed to obtain class balance during training. Requires balance_classes.","required":false,"type":"float[]","default_value":null,"actual_value":null,"level":"expert","values":[],"is_member_of_frames":[],"is_mutually_exclusive_with":[],"gridable":true},{"__meta":{"schema_version":3,"schema_name":"ModelParameterSchemaV3","schema_type":"Iced"},"name":"max_after_balance_size","label":"max_after_balance_size","help":"Maximum relative size of the training data after balancing class counts (can be less than 1.0). Requires balance_classes.","required":false,"type":"float","default_value":5.0,"actual_value":5.0,"level":"expert","values":[],"is_member_of_frames":[],"is_mutually_exclusive_with":[],"gridable":false},{"__meta":{"schema_version":3,"schema_name":"ModelParameterSchemaV3","schema_type":"Iced"},"name":"max_confusion_matrix_size","label":"max_confusion_matrix_size","help":"[Deprecated] Maximum size (# classes) for confusion matrices to be printed in the Logs.","required":false,"type":"int","default_value":20,"actual_value":20,"level":"secondary","values":[],"is_member_of_frames":[],"is_mutually_exclusive_with":[],"gridable":false},{"__meta":{"schema_version":3,"schema_name":"ModelParameterSchemaV3","schema_type":"Iced"},"name":"max_hit_ratio_k","label":"max_hit_ratio_k","help":"Max. number (top K) of predictions to use for hit ratio computation (for multi-class only, 0 to disable).","required":false,"type":"int","default_value":0,"actual_value":0,"level":"secondary","values":[],"is_member_of_frames":[],"is_mutually_exclusive_with":[],"gridable":true},{"__meta":{"schema_version":3,"schema_name":"ModelParameterSchemaV3","schema_type":"Iced"},"name":"checkpoint","label":"checkpoint","help":"Model checkpoint to resume training with.","required":false,"type":"Key<Model>","default_value":null,"actual_value":null,"level":"secondary","values":[],"is_member_of_frames":[],"is_mutually_exclusive_with":[],"gridable":false},{"__meta":{"schema_version":3,"schema_name":"ModelParameterSchemaV3","schema_type":"Iced"},"name":"pretrained_autoencoder","label":"pretrained_autoencoder","help":"Pretrained autoencoder model to initialize this model with.","required":false,"type":"Key<Model>","default_value":null,"actual_value":null,"level":"expert","values":[],"is_member_of_frames":[],"is_mutually_exclusive_with":[],"gridable":false},{"__meta":{"schema_version":3,"schema_name":"ModelParameterSchemaV3","schema_type":"Iced"},"name":"overwrite_with_best_model","label":"overwrite_with_best_model","help":"If enabled, override the final model with the best model found during training.","required":false,"type":"boolean","default_value":true,"actual_value":true,"level":"expert","values":[],"is_member_of_frames":[],"is_mutually_exclusive_with":[],"gridable":true},{"__meta":{"schema_version":3,"schema_name":"ModelParameterSchemaV3","schema_type":"Iced"},"name":"use_all_factor_levels","label":"use_all_factor_levels","help":"Use all factor levels of categorical variables. Otherwise, the first factor level is omitted (without loss of accuracy). Useful for variable importances and auto-enabled for autoencoder.","required":false,"type":"boolean","default_value":true,"actual_value":true,"level":"secondary","values":[],"is_member_of_frames":[],"is_mutually_exclusive_with":[],"gridable":true},{"__meta":{"schema_version":3,"schema_name":"ModelParameterSchemaV3","schema_type":"Iced"},"name":"standardize","label":"standardize","help":"If enabled, automatically standardize the data. If disabled, the user must provide properly scaled input data.","required":false,"type":"boolean","default_value":true,"actual_value":true,"level":"secondary","values":[],"is_member_of_frames":[],"is_mutually_exclusive_with":[],"gridable":true},{"__meta":{"schema_version":3,"schema_name":"ModelParameterSchemaV3","schema_type":"Iced"},"name":"activation","label":"activation","help":"Activation function.","required":false,"type":"enum","default_value":"Rectifier","actual_value":"Rectifier","level":"critical","values":["Tanh","TanhWithDropout","Rectifier","RectifierWithDropout","Maxout","MaxoutWithDropout"],"is_member_of_frames":[],"is_mutually_exclusive_with":[],"gridable":true},{"__meta":{"schema_version":3,"schema_name":"ModelParameterSchemaV3","schema_type":"Iced"},"name":"hidden","label":"hidden","help":"Hidden layer sizes (e.g. [100, 100]).","required":false,"type":"int[]","default_value":[200,200],"actual_value":[200,200],"level":"critical","values":[],"is_member_of_frames":[],"is_mutually_exclusive_with":[],"gridable":true},{"__meta":{"schema_version":3,"schema_name":"ModelParameterSchemaV3","schema_type":"Iced"},"name":"epochs","label":"epochs","help":"How many times the dataset should be iterated (streamed), can be fractional.","required":false,"type":"double","default_value":10.0,"actual_value":10000.0,"level":"critical","values":[],"is_member_of_frames":[],"is_mutually_exclusive_with":[],"gridable":true},{"__meta":{"schema_version":3,"schema_name":"ModelParameterSchemaV3","schema_type":"Iced"},"name":"train_samples_per_iteration","label":"train_samples_per_iteration","help":"Number of training samples (globally) per MapReduce iteration. Special values are 0: one epoch, -1: all available data (e.g., replicated training data), -2: automatic.","required":false,"type":"long","default_value":-2,"actual_value":-2,"level":"secondary","values":[],"is_member_of_frames":[],"is_mutually_exclusive_with":[],"gridable":true},{"__meta":{"schema_version":3,"schema_name":"ModelParameterSchemaV3","schema_type":"Iced"},"name":"target_ratio_comm_to_comp","label":"target_ratio_comm_to_comp","help":"Target ratio of communication overhead to computation. Only for multi-node operation and train_samples_per_iteration = -2 (auto-tuning).","required":false,"type":"double","default_value":0.05,"actual_value":0.05,"level":"expert","values":[],"is_member_of_frames":[],"is_mutually_exclusive_with":[],"gridable":true},{"__meta":{"schema_version":3,"schema_name":"ModelParameterSchemaV3","schema_type":"Iced"},"name":"seed","label":"seed","help":"Seed for random numbers (affects sampling) - Note: only reproducible when running single threaded.","required":false,"type":"long","default_value":-1,"actual_value":-7065844894075716333,"level":"expert","values":[],"is_member_of_frames":[],"is_mutually_exclusive_with":[],"gridable":true},{"__meta":{"schema_version":3,"schema_name":"ModelParameterSchemaV3","schema_type":"Iced"},"name":"adaptive_rate","label":"adaptive_rate","help":"Adaptive learning rate.","required":false,"type":"boolean","default_value":true,"actual_value":true,"level":"secondary","values":[],"is_member_of_frames":[],"is_mutually_exclusive_with":[],"gridable":true},{"__meta":{"schema_version":3,"schema_name":"ModelParameterSchemaV3","schema_type":"Iced"},"name":"rho","label":"rho","help":"Adaptive learning rate time decay factor (similarity to prior updates).","required":false,"type":"double","default_value":0.99,"actual_value":0.99,"level":"expert","values":[],"is_member_of_frames":[],"is_mutually_exclusive_with":[],"gridable":true},{"__meta":{"schema_version":3,"schema_name":"ModelParameterSchemaV3","schema_type":"Iced"},"name":"epsilon","label":"epsilon","help":"Adaptive learning rate smoothing factor (to avoid divisions by zero and allow progress).","required":false,"type":"double","default_value":1.0E-8,"actual_value":1.0E-8,"level":"expert","values":[],"is_member_of_frames":[],"is_mutually_exclusive_with":[],"gridable":true},{"__meta":{"schema_version":3,"schema_name":"ModelParameterSchemaV3","schema_type":"Iced"},"name":"rate","label":"rate","help":"Learning rate (higher => less stable, lower => slower convergence).","required":false,"type":"double","default_value":0.005,"actual_value":0.005,"level":"expert","values":[],"is_member_of_frames":[],"is_mutually_exclusive_with":[],"gridable":true},{"__meta":{"schema_version":3,"schema_name":"ModelParameterSchemaV3","schema_type":"Iced"},"name":"rate_annealing","label":"rate_annealing","help":"Learning rate annealing: rate / (1 + rate_annealing * samples).","required":false,"type":"double","default_value":1.0E-6,"actual_value":1.0E-6,"level":"expert","values":[],"is_member_of_frames":[],"is_mutually_exclusive_with":[],"gridable":true},{"__meta":{"schema_version":3,"schema_name":"ModelParameterSchemaV3","schema_type":"Iced"},"name":"rate_decay","label":"rate_decay","help":"Learning rate decay factor between layers (N-th layer: rate * rate_decay ^ (n - 1).","required":false,"type":"double","default_value":1.0,"actual_value":1.0,"level":"expert","values":[],"is_member_of_frames":[],"is_mutually_exclusive_with":[],"gridable":true},{"__meta":{"schema_version":3,"schema_name":"ModelParameterSchemaV3","schema_type":"Iced"},"name":"momentum_start","label":"momentum_start","help":"Initial momentum at the beginning of training (try 0.5).","required":false,"type":"double","default_value":0.0,"actual_value":0.0,"level":"expert","values":[],"is_member_of_frames":[],"is_mutually_exclusive_with":[],"gridable":true},{"__meta":{"schema_version":3,"schema_name":"ModelParameterSchemaV3","schema_type":"Iced"},"name":"momentum_ramp","label":"momentum_ramp","help":"Number of training samples for which momentum increases.","required":false,"type":"double","default_value":1000000.0,"actual_value":1000000.0,"level":"expert","values":[],"is_member_of_frames":[],"is_mutually_exclusive_with":[],"gridable":true},{"__meta":{"schema_version":3,"schema_name":"ModelParameterSchemaV3","schema_type":"Iced"},"name":"momentum_stable","label":"momentum_stable","help":"Final momentum after the ramp is over (try 0.99).","required":false,"type":"double","default_value":0.0,"actual_value":0.0,"level":"expert","values":[],"is_member_of_frames":[],"is_mutually_exclusive_with":[],"gridable":true},{"__meta":{"schema_version":3,"schema_name":"ModelParameterSchemaV3","schema_type":"Iced"},"name":"nesterov_accelerated_gradient","label":"nesterov_accelerated_gradient","help":"Use Nesterov accelerated gradient (recommended).","required":false,"type":"boolean","default_value":true,"actual_value":true,"level":"expert","values":[],"is_member_of_frames":[],"is_mutually_exclusive_with":[],"gridable":true},{"__meta":{"schema_version":3,"schema_name":"ModelParameterSchemaV3","schema_type":"Iced"},"name":"input_dropout_ratio","label":"input_dropout_ratio","help":"Input layer dropout ratio (can improve generalization, try 0.1 or 0.2).","required":false,"type":"double","default_value":0.0,"actual_value":0.0,"level":"secondary","values":[],"is_member_of_frames":[],"is_mutually_exclusive_with":[],"gridable":true},{"__meta":{"schema_version":3,"schema_name":"ModelParameterSchemaV3","schema_type":"Iced"},"name":"hidden_dropout_ratios","label":"hidden_dropout_ratios","help":"Hidden layer dropout ratios (can improve generalization), specify one value per hidden layer, defaults to 0.5.","required":false,"type":"double[]","default_value":null,"actual_value":null,"level":"secondary","values":[],"is_member_of_frames":[],"is_mutually_exclusive_with":[],"gridable":true},{"__meta":{"schema_version":3,"schema_name":"ModelParameterSchemaV3","schema_type":"Iced"},"name":"l1","label":"l1","help":"L1 regularization (can add stability and improve generalization, causes many weights to become 0).","required":false,"type":"double","default_value":0.0,"actual_value":0.0,"level":"secondary","values":[],"is_member_of_frames":[],"is_mutually_exclusive_with":[],"gridable":true},{"__meta":{"schema_version":3,"schema_name":"ModelParameterSchemaV3","schema_type":"Iced"},"name":"l2","label":"l2","help":"L2 regularization (can add stability and improve generalization, causes many weights to be small.","required":false,"type":"double","default_value":0.0,"actual_value":0.0,"level":"secondary","values":[],"is_member_of_frames":[],"is_mutually_exclusive_with":[],"gridable":true},{"__meta":{"schema_version":3,"schema_name":"ModelParameterSchemaV3","schema_type":"Iced"},"name":"max_w2","label":"max_w2","help":"Constraint for squared sum of incoming weights per unit (e.g. for Rectifier).","required":false,"type":"float","default_value":3.4028235E38,"actual_value":3.4028235E38,"level":"expert","values":[],"is_member_of_frames":[],"is_mutually_exclusive_with":[],"gridable":true},{"__meta":{"schema_version":3,"schema_name":"ModelParameterSchemaV3","schema_type":"Iced"},"name":"initial_weight_distribution","label":"initial_weight_distribution","help":"Initial weight distribution.","required":false,"type":"enum","default_value":"UniformAdaptive","actual_value":"UniformAdaptive","level":"expert","values":["UniformAdaptive","Uniform","Normal"],"is_member_of_frames":[],"is_mutually_exclusive_with":[],"gridable":true},{"__meta":{"schema_version":3,"schema_name":"ModelParameterSchemaV3","schema_type":"Iced"},"name":"initial_weight_scale","label":"initial_weight_scale","help":"Uniform: -value...value, Normal: stddev.","required":false,"type":"double","default_value":1.0,"actual_value":1.0,"level":"expert","values":[],"is_member_of_frames":[],"is_mutually_exclusive_with":[],"gridable":true},{"__meta":{"schema_version":3,"schema_name":"ModelParameterSchemaV3","schema_type":"Iced"},"name":"initial_weights","label":"initial_weights","help":"A list of H2OFrame ids to initialize the weight matrices of this model with.","required":false,"type":"Key<Frame>[]","default_value":null,"actual_value":null,"level":"expert","values":[],"is_member_of_frames":[],"is_mutually_exclusive_with":[],"gridable":true},{"__meta":{"schema_version":3,"schema_name":"ModelParameterSchemaV3","schema_type":"Iced"},"name":"initial_biases","label":"initial_biases","help":"A list of H2OFrame ids to initialize the bias vectors of this model with.","required":false,"type":"Key<Frame>[]","default_value":null,"actual_value":null,"level":"expert","values":[],"is_member_of_frames":[],"is_mutually_exclusive_with":[],"gridable":true},{"__meta":{"schema_version":3,"schema_name":"ModelParameterSchemaV3","schema_type":"Iced"},"name":"loss","label":"loss","help":"Loss function.","required":false,"type":"enum","default_value":"Automatic","actual_value":"Automatic","level":"secondary","values":["Automatic","CrossEntropy","Quadratic","Huber","Absolute","Quantile"],"is_member_of_frames":[],"is_mutually_exclusive_with":[],"gridable":true},{"__meta":{"schema_version":3,"schema_name":"ModelParameterSchemaV3","schema_type":"Iced"},"name":"distribution","label":"distribution","help":"Distribution function","required":false,"type":"enum","default_value":"AUTO","actual_value":"AUTO","level":"secondary","values":["AUTO","bernoulli","quasibinomial","ordinal","multinomial","gaussian","poisson","gamma","tweedie","laplace","quantile","huber","custom"],"is_member_of_frames":[],"is_mutually_exclusive_with":[],"gridable":true},{"__meta":{"schema_version":3,"schema_name":"ModelParameterSchemaV3","schema_type":"Iced"},"name":"quantile_alpha","label":"quantile_alpha","help":"Desired quantile for Quantile regression, must be between 0 and 1.","required":false,"type":"double","default_value":0.5,"actual_value":0.5,"level":"secondary","values":[],"is_member_of_frames":[],"is_mutually_exclusive_with":[],"gridable":true},{"__meta":{"schema_version":3,"schema_name":"ModelParameterSchemaV3","schema_type":"Iced"},"name":"tweedie_power","label":"tweedie_power","help":"Tweedie power for Tweedie regression, must be between 1 and 2.","required":false,"type":"double","default_value":1.5,"actual_value":1.5,"level":"secondary","values":[],"is_member_of_frames":[],"is_mutually_exclusive_with":[],"gridable":true},{"__meta":{"schema_version":3,"schema_name":"ModelParameterSchemaV3","schema_type":"Iced"},"name":"huber_alpha","label":"huber_alpha","help":"Desired quantile for Huber/M-regression (threshold between quadratic and linear loss, must be between 0 and 1).","required":false,"type":"double","default_value":0.9,"actual_value":0.9,"level":"secondary","values":[],"is_member_of_frames":[],"is_mutually_exclusive_with":[],"gridable":true},{"__meta":{"schema_version":3,"schema_name":"ModelParameterSchemaV3","schema_type":"Iced"},"name":"score_interval","label":"score_interval","help":"Shortest time interval (in seconds) between model scoring.","required":false,"type":"double","default_value":5.0,"actual_value":5.0,"level":"secondary","values":[],"is_member_of_frames":[],"is_mutually_exclusive_with":[],"gridable":true},{"__meta":{"schema_version":3,"schema_name":"ModelParameterSchemaV3","schema_type":"Iced"},"name":"score_training_samples","label":"score_training_samples","help":"Number of training set samples for scoring (0 for all).","required":false,"type":"long","default_value":10000,"actual_value":10000,"level":"secondary","values":[],"is_member_of_frames":[],"is_mutually_exclusive_with":[],"gridable":true},{"__meta":{"schema_version":3,"schema_name":"ModelParameterSchemaV3","schema_type":"Iced"},"name":"score_validation_samples","label":"score_validation_samples","help":"Number of validation set samples for scoring (0 for all).","required":false,"type":"long","default_value":0,"actual_value":10000,"level":"secondary","values":[],"is_member_of_frames":[],"is_mutually_exclusive_with":[],"gridable":true},{"__meta":{"schema_version":3,"schema_name":"ModelParameterSchemaV3","schema_type":"Iced"},"name":"score_duty_cycle","label":"score_duty_cycle","help":"Maximum duty cycle fraction for scoring (lower: more training, higher: more scoring).","required":false,"type":"double","default_value":0.1,"actual_value":0.1,"level":"secondary","values":[],"is_member_of_frames":[],"is_mutually_exclusive_with":[],"gridable":true},{"__meta":{"schema_version":3,"schema_name":"ModelParameterSchemaV3","schema_type":"Iced"},"name":"classification_stop","label":"classification_stop","help":"Stopping criterion for classification error fraction on training data (-1 to disable).","required":false,"type":"double","default_value":0.0,"actual_value":0.0,"level":"expert","values":[],"is_member_of_frames":[],"is_mutually_exclusive_with":[],"gridable":true},{"__meta":{"schema_version":3,"schema_name":"ModelParameterSchemaV3","schema_type":"Iced"},"name":"regression_stop","label":"regression_stop","help":"Stopping criterion for regression error (MSE) on training data (-1 to disable).","required":false,"type":"double","default_value":1.0E-6,"actual_value":1.0E-6,"level":"expert","values":[],"is_member_of_frames":[],"is_mutually_exclusive_with":[],"gridable":true},{"__meta":{"schema_version":3,"schema_name":"ModelParameterSchemaV3","schema_type":"Iced"},"name":"stopping_rounds","label":"stopping_rounds","help":"Early stopping based on convergence of stopping_metric. Stop if simple moving average of length k of the stopping_metric does not improve for k:=stopping_rounds scoring events (0 to disable)","required":false,"type":"int","default_value":5,"actual_value":2,"level":"secondary","values":[],"is_member_of_frames":[],"is_mutually_exclusive_with":[],"gridable":true},{"__meta":{"schema_version":3,"schema_name":"ModelParameterSchemaV3","schema_type":"Iced"},"name":"stopping_metric","label":"stopping_metric","help":"Metric to use for early stopping (AUTO: logloss for classification, deviance for regression and anonomaly_score for Isolation Forest). Note that custom and custom_increasing can only be used in GBM and DRF with the Python client.","required":false,"type":"enum","default_value":"AUTO","actual_value":"MSE","level":"secondary","values":["AUTO","deviance","logloss","MSE","RMSE","MAE","RMSLE","AUC","AUCPR","lift_top_group","misclassification","mean_per_class_error","anomaly_score","custom","custom_increasing"],"is_member_of_frames":[],"is_mutually_exclusive_with":[],"gridable":true},{"__meta":{"schema_version":3,"schema_name":"ModelParameterSchemaV3","schema_type":"Iced"},"name":"stopping_tolerance","label":"stopping_tolerance","help":"Relative tolerance for metric-based stopping criterion (stop if relative improvement is not at least this much)","required":false,"type":"double","default_value":0.0,"actual_value":0.01,"level":"secondary","values":[],"is_member_of_frames":[],"is_mutually_exclusive_with":[],"gridable":true},{"__meta":{"schema_version":3,"schema_name":"ModelParameterSchemaV3","schema_type":"Iced"},"name":"max_runtime_secs","label":"max_runtime_secs","help":"Maximum allowed runtime in seconds for model training. Use 0 to disable.","required":false,"type":"double","default_value":0.0,"actual_value":0.0,"level":"secondary","values":[],"is_member_of_frames":[],"is_mutually_exclusive_with":[],"gridable":true},{"__meta":{"schema_version":3,"schema_name":"ModelParameterSchemaV3","schema_type":"Iced"},"name":"score_validation_sampling","label":"score_validation_sampling","help":"Method used to sample validation dataset for scoring.","required":false,"type":"enum","default_value":"Uniform","actual_value":"Uniform","level":"expert","values":["Uniform","Stratified"],"is_member_of_frames":[],"is_mutually_exclusive_with":[],"gridable":true},{"__meta":{"schema_version":3,"schema_name":"ModelParameterSchemaV3","schema_type":"Iced"},"name":"diagnostics","label":"diagnostics","help":"Enable diagnostics for hidden layers.","required":false,"type":"boolean","default_value":true,"actual_value":true,"level":"expert","values":[],"is_member_of_frames":[],"is_mutually_exclusive_with":[],"gridable":false},{"__meta":{"schema_version":3,"schema_name":"ModelParameterSchemaV3","schema_type":"Iced"},"name":"fast_mode","label":"fast_mode","help":"Enable fast mode (minor approximation in back-propagation).","required":false,"type":"boolean","default_value":true,"actual_value":true,"level":"expert","values":[],"is_member_of_frames":[],"is_mutually_exclusive_with":[],"gridable":true},{"__meta":{"schema_version":3,"schema_name":"ModelParameterSchemaV3","schema_type":"Iced"},"name":"force_load_balance","label":"force_load_balance","help":"Force extra load balancing to increase training speed for small datasets (to keep all cores busy).","required":false,"type":"boolean","default_value":true,"actual_value":true,"level":"expert","values":[],"is_member_of_frames":[],"is_mutually_exclusive_with":[],"gridable":true},{"__meta":{"schema_version":3,"schema_name":"ModelParameterSchemaV3","schema_type":"Iced"},"name":"variable_importances","label":"variable_importances","help":"Compute variable importances for input features (Gedeon method) - can be slow for large networks.","required":false,"type":"boolean","default_value":true,"actual_value":true,"level":"critical","values":[],"is_member_of_frames":[],"is_mutually_exclusive_with":[],"gridable":true},{"__meta":{"schema_version":3,"schema_name":"ModelParameterSchemaV3","schema_type":"Iced"},"name":"replicate_training_data","label":"replicate_training_data","help":"Replicate the entire training dataset onto every node for faster training on small datasets.","required":false,"type":"boolean","default_value":true,"actual_value":true,"level":"secondary","values":[],"is_member_of_frames":[],"is_mutually_exclusive_with":[],"gridable":true},{"__meta":{"schema_version":3,"schema_name":"ModelParameterSchemaV3","schema_type":"Iced"},"name":"single_node_mode","label":"single_node_mode","help":"Run on a single node for fine-tuning of model parameters.","required":false,"type":"boolean","default_value":false,"actual_value":false,"level":"expert","values":[],"is_member_of_frames":[],"is_mutually_exclusive_with":[],"gridable":true},{"__meta":{"schema_version":3,"schema_name":"ModelParameterSchemaV3","schema_type":"Iced"},"name":"shuffle_training_data","label":"shuffle_training_data","help":"Enable shuffling of training data (recommended if training data is replicated and train_samples_per_iteration is close to #nodes x #rows, of if using balance_classes).","required":false,"type":"boolean","default_value":false,"actual_value":false,"level":"expert","values":[],"is_member_of_frames":[],"is_mutually_exclusive_with":[],"gridable":true},{"__meta":{"schema_version":3,"schema_name":"ModelParameterSchemaV3","schema_type":"Iced"},"name":"missing_values_handling","label":"missing_values_handling","help":"Handling of missing values. Either MeanImputation or Skip.","required":false,"type":"enum","default_value":"MeanImputation","actual_value":"MeanImputation","level":"expert","values":["MeanImputation","Skip"],"is_member_of_frames":[],"is_mutually_exclusive_with":[],"gridable":true},{"__meta":{"schema_version":3,"schema_name":"ModelParameterSchemaV3","schema_type":"Iced"},"name":"quiet_mode","label":"quiet_mode","help":"Enable quiet mode for less output to standard output.","required":false,"type":"boolean","default_value":false,"actual_value":false,"level":"expert","values":[],"is_member_of_frames":[],"is_mutually_exclusive_with":[],"gridable":true},{"__meta":{"schema_version":3,"schema_name":"ModelParameterSchemaV3","schema_type":"Iced"},"name":"autoencoder","label":"autoencoder","help":"Auto-Encoder.","required":false,"type":"boolean","default_value":false,"actual_value":false,"level":"secondary","values":[],"is_member_of_frames":[],"is_mutually_exclusive_with":[],"gridable":false},{"__meta":{"schema_version":3,"schema_name":"ModelParameterSchemaV3","schema_type":"Iced"},"name":"sparse","label":"sparse","help":"Sparse data handling (more efficient for data with lots of 0 values).","required":false,"type":"boolean","default_value":false,"actual_value":false,"level":"expert","values":[],"is_member_of_frames":[],"is_mutually_exclusive_with":[],"gridable":true},{"__meta":{"schema_version":3,"schema_name":"ModelParameterSchemaV3","schema_type":"Iced"},"name":"col_major","label":"col_major","help":"#DEPRECATED Use a column major weight matrix for input layer. Can speed up forward propagation, but might slow down backpropagation.","required":false,"type":"boolean","default_value":false,"actual_value":false,"level":"expert","values":[],"is_member_of_frames":[],"is_mutually_exclusive_with":[],"gridable":true},{"__meta":{"schema_version":3,"schema_name":"ModelParameterSchemaV3","schema_type":"Iced"},"name":"average_activation","label":"average_activation","help":"Average activation for sparse auto-encoder. #Experimental","required":false,"type":"double","default_value":0.0,"actual_value":0.0,"level":"expert","values":[],"is_member_of_frames":[],"is_mutually_exclusive_with":[],"gridable":true},{"__meta":{"schema_version":3,"schema_name":"ModelParameterSchemaV3","schema_type":"Iced"},"name":"sparsity_beta","label":"sparsity_beta","help":"Sparsity regularization. #Experimental","required":false,"type":"double","default_value":0.0,"actual_value":0.0,"level":"expert","values":[],"is_member_of_frames":[],"is_mutually_exclusive_with":[],"gridable":true},{"__meta":{"schema_version":3,"schema_name":"ModelParameterSchemaV3","schema_type":"Iced"},"name":"max_categorical_features","label":"max_categorical_features","help":"Max. number of categorical features, enforced via hashing. #Experimental","required":false,"type":"int","default_value":2147483647,"actual_value":2147483647,"level":"expert","values":[],"is_member_of_frames":[],"is_mutually_exclusive_with":[],"gridable":true},{"__meta":{"schema_version":3,"schema_name":"ModelParameterSchemaV3","schema_type":"Iced"},"name":"reproducible","label":"reproducible","help":"Force reproducibility on small data (will be slow - only uses 1 thread).","required":false,"type":"boolean","default_value":false,"actual_value":false,"level":"expert","values":[],"is_member_of_frames":[],"is_mutually_exclusive_with":[],"gridable":true},{"__meta":{"schema_version":3,"schema_name":"ModelParameterSchemaV3","schema_type":"Iced"},"name":"export_weights_and_biases","label":"export_weights_and_biases","help":"Whether to export Neural Network weights and biases to H2O Frames.","required":false,"type":"boolean","default_value":false,"actual_value":false,"level":"expert","values":[],"is_member_of_frames":[],"is_mutually_exclusive_with":[],"gridable":false},{"__meta":{"schema_version":3,"schema_name":"ModelParameterSchemaV3","schema_type":"Iced"},"name":"mini_batch_size","label":"mini_batch_size","help":"Mini-batch size (smaller leads to better fit, larger can speed up and generalize better).","required":false,"type":"int","default_value":1,"actual_value":1,"level":"expert","values":[],"is_member_of_frames":[],"is_mutually_exclusive_with":[],"gridable":false},{"__meta":{"schema_version":3,"schema_name":"ModelParameterSchemaV3","schema_type":"Iced"},"name":"categorical_encoding","label":"categorical_encoding","help":"Encoding scheme for categorical features","required":false,"type":"enum","default_value":"AUTO","actual_value":"AUTO","level":"secondary","values":["AUTO","Enum","OneHotInternal","OneHotExplicit","Binary","Eigen","LabelEncoder","SortByResponse","EnumLimited"],"is_member_of_frames":[],"is_mutually_exclusive_with":[],"gridable":true},{"__meta":{"schema_version":3,"schema_name":"ModelParameterSchemaV3","schema_type":"Iced"},"name":"elastic_averaging","label":"elastic_averaging","help":"Elastic averaging between compute nodes can improve distributed model convergence. #Experimental","required":false,"type":"boolean","default_value":false,"actual_value":false,"level":"expert","values":[],"is_member_of_frames":[],"is_mutually_exclusive_with":[],"gridable":true},{"__meta":{"schema_version":3,"schema_name":"ModelParameterSchemaV3","schema_type":"Iced"},"name":"elastic_averaging_moving_rate","label":"elastic_averaging_moving_rate","help":"Elastic averaging moving rate (only if elastic averaging is enabled).","required":false,"type":"double","default_value":0.9,"actual_value":0.9,"level":"expert","values":[],"is_member_of_frames":[],"is_mutually_exclusive_with":[],"gridable":true},{"__meta":{"schema_version":3,"schema_name":"ModelParameterSchemaV3","schema_type":"Iced"},"name":"elastic_averaging_regularization","label":"elastic_averaging_regularization","help":"Elastic averaging regularization strength (only if elastic averaging is enabled).","required":false,"type":"double","default_value":0.001,"actual_value":0.001,"level":"expert","values":[],"is_member_of_frames":[],"is_mutually_exclusive_with":[],"gridable":true},{"__meta":{"schema_version":3,"schema_name":"ModelParameterSchemaV3","schema_type":"Iced"},"name":"export_checkpoints_dir","label":"export_checkpoints_dir","help":"Automatically export generated models to this directory.","required":false,"type":"string","default_value":null,"actual_value":null,"level":"secondary","values":[],"is_member_of_frames":[],"is_mutually_exclusive_with":[],"gridable":false}],"output":{"__meta":{"schema_version":3,"schema_name":"DeepLearningModelOutputV3","schema_type":"DeepLearningModelOutput"},"names":["Rapamycin.st","triptolide.st","triazolothiadiazine.st","apicidin.st","alisertib.st","KIN001.244.st","SID.26681509.st","ISOX.st","PIK.93.st","Dasatinib.st","TG.101348.st","parbendazole.st","belinostat.st","bardoxolone.methyl.st","purmorphamine.st","KIN001.102.st","GSK1070916.st","isoevodiamine.st","GSK461364.st","NVP.BSK805.st","GSK690693.st","Vandetanib.st","narciclasine.st","PHA.793887.st","CP466722.st","I.BET.762.st","WZ4002.st","Genentech.Cpd.10.st","Ch.55.st","momelotinib.st","BAY.61.3606.st","MP470.st","Cytarabine.st","Vinblastine.st","Epothilone.B.st","brefeldin.A.st","spautin.1.st","JNK.9L.st","response"],"original_names":["Rapamycin.st","triptolide.st","triazolothiadiazine.st","apicidin.st","alisertib.st","KIN001.244.st","SID.26681509.st","ISOX.st","PIK.93.st","Dasatinib.st","TG.101348.st","parbendazole.st","belinostat.st","bardoxolone.methyl.st","purmorphamine.st","KIN001.102.st","GSK1070916.st","isoevodiamine.st","GSK461364.st","NVP.BSK805.st","GSK690693.st","Vandetanib.st","narciclasine.st","PHA.793887.st","CP466722.st","I.BET.762.st","WZ4002.st","Genentech.Cpd.10.st","Ch.55.st","momelotinib.st","BAY.61.3606.st","MP470.st","Cytarabine.st","Vinblastine.st","Epothilone.B.st","brefeldin.A.st","spautin.1.st","JNK.9L.st","response"],"column_types":["Numeric","Numeric","Numeric","Numeric","Numeric","Numeric","Numeric","Numeric","Numeric","Numeric","Numeric","Numeric","Numeric","Numeric","Numeric","Numeric","Numeric","Numeric","Numeric","Numeric","Numeric","Numeric","Numeric","Numeric","Numeric","Numeric","Numeric","Numeric","Numeric","Numeric","Numeric","Numeric","Numeric","Numeric","Numeric","Numeric","Numeric","Numeric","Numeric"],"domains":[null,null,null,null,null,null,null,null,null,null,null,null,null,null,null,null,null,null,null,null,null,null,null,null,null,null,null,null,null,null,null,null,null,null,null,null,null,null,null],"cross_validation_models":null,"cross_validation_predictions":null,"cross_validation_holdout_predictions_frame_id":null,"cross_validation_fold_assignment_frame_id":null,"model_category":"Regression","model_summary":{"__meta":{"schema_version":3,"schema_name":"TwoDimTableV3","schema_type":"TwoDimTable"},"name":"Status of Neuron Layers","description":"predicting response, regression, gaussian distribution, Quadratic loss, 48,201 weights/biases, 580.1 KB, 60,480 training samples, mini-batch size 1","columns":[{"__meta":{"schema_version":-1,"schema_name":"ColumnSpecsBase","schema_type":"Iced"},"name":"","type":"string","format":"%s","description":""},{"__meta":{"schema_version":-1,"schema_name":"ColumnSpecsBase","schema_type":"Iced"},"name":"layer","type":"int","format":"%d","description":"Layer"},{"__meta":{"schema_version":-1,"schema_name":"ColumnSpecsBase","schema_type":"Iced"},"name":"units","type":"int","format":"%d","description":"Units"},{"__meta":{"schema_version":-1,"schema_name":"ColumnSpecsBase","schema_type":"Iced"},"name":"type","type":"string","format":"%s","description":"Type"},{"__meta":{"schema_version":-1,"schema_name":"ColumnSpecsBase","schema_type":"Iced"},"name":"dropout","type":"double","format":"%2.2f %%","description":"Dropout"},{"__meta":{"schema_version":-1,"schema_name":"ColumnSpecsBase","schema_type":"Iced"},"name":"l1","type":"double","format":"%5f","description":"L1"},{"__meta":{"schema_version":-1,"schema_name":"ColumnSpecsBase","schema_type":"Iced"},"name":"l2","type":"double","format":"%5f","description":"L2"},{"__meta":{"schema_version":-1,"schema_name":"ColumnSpecsBase","schema_type":"Iced"},"name":"mean_rate","type":"double","format":"%5f","description":"Mean Rate"},{"__meta":{"schema_version":-1,"schema_name":"ColumnSpecsBase","schema_type":"Iced"},"name":"rate_rms","type":"double","format":"%5f","description":"Rate RMS"},{"__meta":{"schema_version":-1,"schema_name":"ColumnSpecsBase","schema_type":"Iced"},"name":"momentum","type":"double","format":"%5f","description":"Momentum"},{"__meta":{"schema_version":-1,"schema_name":"ColumnSpecsBase","schema_type":"Iced"},"name":"mean_weight","type":"double","format":"%5f","description":"Mean Weight"},{"__meta":{"schema_version":-1,"schema_name":"ColumnSpecsBase","schema_type":"Iced"},"name":"weight_rms","type":"double","format":"%5f","description":"Weight RMS"},{"__meta":{"schema_version":-1,"schema_name":"ColumnSpecsBase","schema_type":"Iced"},"name":"mean_bias","type":"double","format":"%5f","description":"Mean Bias"},{"__meta":{"schema_version":-1,"schema_name":"ColumnSpecsBase","schema_type":"Iced"},"name":"bias_rms","type":"double","format":"%5f","description":"Bias RMS"}],"rowcount":4,"data":[["","","",""],[1,2,3,4],[38,200,200,1],["Input","Rectifier","Rectifier","Linear"],[0.0,0,0,null],[null,0.0,0.0,0.0],[null,0.0,0.0,0.0],[null,0.4738498984090984,0.690901809313937,0.04168911208922509],[null,0.18469774723052979,0.36074399948120117,0.041548147797584534],[null,0.0,0.0,0.0],[null,-2.9708180846012654E-6,-0.015961961464067836,0.0031462621602577202],[null,0.10481777787208557,0.07008323073387146,0.040720030665397644],[null,0.40648844637653553,0.9635541269701536,-0.03161366109269522],[null,0.06159667670726776,0.020439699292182922,1.0971281125650402E-154]]},"scoring_history":{"__meta":{"schema_version":3,"schema_name":"TwoDimTableV3","schema_type":"TwoDimTable"},"name":"Scoring History","description":"","columns":[{"__meta":{"schema_version":-1,"schema_name":"ColumnSpecsBase","schema_type":"Iced"},"name":"","type":"string","format":"%s","description":""},{"__meta":{"schema_version":-1,"schema_name":"ColumnSpecsBase","schema_type":"Iced"},"name":"timestamp","type":"string","format":"%s","description":"Timestamp"},{"__meta":{"schema_version":-1,"schema_name":"ColumnSpecsBase","schema_type":"Iced"},"name":"duration","type":"string","format":"%s","description":"Duration"},{"__meta":{"schema_version":-1,"schema_name":"ColumnSpecsBase","schema_type":"Iced"},"name":"training_speed","type":"string","format":"%s","description":"Training Speed"},{"__meta":{"schema_version":-1,"schema_name":"ColumnSpecsBase","schema_type":"Iced"},"name":"epochs","type":"double","format":"%.5f","description":"Epochs"},{"__meta":{"schema_version":-1,"schema_name":"ColumnSpecsBase","schema_type":"Iced"},"name":"iterations","type":"int","format":"%d","description":"Iterations"},{"__meta":{"schema_version":-1,"schema_name":"ColumnSpecsBase","schema_type":"Iced"},"name":"samples","type":"double","format":"%f","description":"Samples"},{"__meta":{"schema_version":-1,"schema_name":"ColumnSpecsBase","schema_type":"Iced"},"name":"training_rmse","type":"double","format":"%.5f","description":"Training RMSE"},{"__meta":{"schema_version":-1,"schema_name":"ColumnSpecsBase","schema_type":"Iced"},"name":"training_deviance","type":"double","format":"%.5f","description":"Training Deviance"},{"__meta":{"schema_version":-1,"schema_name":"ColumnSpecsBase","schema_type":"Iced"},"name":"training_mae","type":"double","format":"%.5f","description":"Training MAE"},{"__meta":{"schema_version":-1,"schema_name":"ColumnSpecsBase","schema_type":"Iced"},"name":"training_r2","type":"double","format":"%.5f","description":"Training r2"},{"__meta":{"schema_version":-1,"schema_name":"ColumnSpecsBase","schema_type":"Iced"},"name":"validation_rmse","type":"double","format":"%.5f","description":"Validation RMSE"},{"__meta":{"schema_version":-1,"schema_name":"ColumnSpecsBase","schema_type":"Iced"},"name":"validation_deviance","type":"double","format":"%.5f","description":"Validation Deviance"},{"__meta":{"schema_version":-1,"schema_name":"ColumnSpecsBase","schema_type":"Iced"},"name":"validation_mae","type":"double","format":"%.5f","description":"Validation MAE"},{"__meta":{"schema_version":-1,"schema_name":"ColumnSpecsBase","schema_type":"Iced"},"name":"validation_r2","type":"double","format":"%.5f","description":"Validation r2"}],"rowcount":4,"data":[["","","",""],["2020-07-20 00:23:57","2020-07-20 00:23:57","2020-07-20 00:24:02","2020-07-20 00:24:07"],[" 0.000 sec"," 0.530 sec"," 5.570 sec","10.625 sec"],[null,"1148 obs/sec","4032 obs/sec","5745 obs/sec"],[0.0,10.0,410.0,1120.0],[0,1,41,112],[0.0,540.0,22140.0,60480.0],["NaN",0.06511065484399495,0.0044979528998820755,8.27242792201242E-4],["NaN",0.004239397374213842,2.0231580289557573E-5,6.843306372489071E-7],["NaN",0.04847286840845696,0.0029931453246184255,5.637951320102502E-4],["NaN",0.2547302756255928,0.996443366135534,0.9998796973106353],["NaN",0.06511627093237017,0.010660894069526413,0.007804526556594721],["NaN",0.0042401287401378366,1.1365466236166345E-4,6.0910634772592255E-5],["NaN",0.040886818981236916,0.008392194811474888,0.006500937663132773],["NaN",0.4761116551117165,0.9859574186062207,0.9924741974612613]]},"training_metrics":{"__meta":{"schema_version":3,"schema_name":"ModelMetricsRegressionV3","schema_type":"ModelMetricsRegression"},"model":{"__meta":{"schema_version":3,"schema_name":"ModelKeyV3","schema_type":"Key<Model>"},"name":"DeepLearning_model_R_1595174110316_347","type":"Key<Model>","URL":"/3/Models/DeepLearning_model_R_1595174110316_347"},"model_checksum":3525498896668993288,"frame":null,"frame_checksum":0,"description":"Metrics reported on full training frame","model_category":"Regression","scoring_time":1595201047619,"predictions":null,"MSE":6.843306372489071E-7,"RMSE":8.27242792201242E-4,"nobs":54,"custom_metric_name":null,"custom_metric_value":0.0,"r2":0.9998796973106353,"mean_residual_deviance":6.843306372489071E-7,"mae":5.637951320102502E-4,"rmsle":7.265812799619739E-4},"validation_metrics":{"__meta":{"schema_version":3,"schema_name":"ModelMetricsRegressionV3","schema_type":"ModelMetricsRegression"},"model":{"__meta":{"schema_version":3,"schema_name":"ModelKeyV3","schema_type":"Key<Model>"},"name":"DeepLearning_model_R_1595174110316_347","type":"Key<Model>","URL":"/3/Models/DeepLearning_model_R_1595174110316_347"},"model_checksum":3525498896668993288,"frame":null,"frame_checksum":0,"description":"Metrics reported on full validation frame","model_category":"Regression","scoring_time":1595201047621,"predictions":null,"MSE":6.0910634772592255E-5,"RMSE":0.007804526556594721,"nobs":12,"custom_metric_name":null,"custom_metric_value":0.0,"r2":0.9924741974612613,"mean_residual_deviance":6.0910634772592255E-5,"mae":0.006500937663132773,"rmsle":0.0069115816624151375},"cross_validation_metrics":null,"cross_validation_metrics_summary":null,"status":null,"start_time":1595201037013,"end_time":1595201047651,"run_time":10638,"help":{"run_time":"Runtime in milliseconds", "biases":"Frame keys for bias vectors", "domains":"Domains for categorical columns", "__meta":"Metadata on this schema instance, to make it self-describing.", "scoring_history":"Scoring history", "help":"Help information for output fields", "normrespsub":"Normalization/Standardization offsets for numeric response", "training_metrics":"Training data model metrics", "normsub":"Normalization/Standardization offsets for numeric predictors", "cross_validation_models":"Cross-validation models (model ids)", "cross_validation_predictions":"Cross-validation predictions, one per cv model (deprecated, use cross_validation_holdout_predictions_frame_id instead)", "cross_validation_holdout_predictions_frame_id":"Cross-validation holdout predictions (full out-of-sample predictions on training data)", "cross_validation_metrics_summary":"Cross-validation model metrics summary", "status":"Job status", "model_category":"Category of the model (e.g., Binomial)", "variable_importances":"Variable Importances", "catoffsets":"Categorical offsets for one-hot encoding", "model_summary":"Model summary", "weights":"Frame keys for weight matrices", "names":"Column names", "normrespmul":"Normalization/Standardization multipliers for numeric response", "original_names":"Original column names", "column_types":"Column types", "normmul":"Normalization/Standardization multipliers for numeric predictors", "cross_validation_fold_assignment_frame_id":"Cross-validation fold assignment (each row is assigned to one holdout fold)", "cross_validation_metrics":"Cross-validation model metrics", "validation_metrics":"Validation data model metrics", "start_time":"Start time in milliseconds", "end_time":"End time in milliseconds"},"weights":null,"biases":null,"normmul":null,"normsub":null,"normrespmul":null,"normrespsub":null,"catoffsets":null,"variable_importances":{"__meta":{"schema_version":3,"schema_name":"TwoDimTableV3","schema_type":"TwoDimTable"},"name":"Variable Importances","description":"","columns":[{"__meta":{"schema_version":-1,"schema_name":"ColumnSpecsBase","schema_type":"Iced"},"name":"variable","type":"string","format":"%s","description":"Variable"},{"__meta":{"schema_version":-1,"schema_name":"ColumnSpecsBase","schema_type":"Iced"},"name":"relative_importance","type":"double","format":"%5f","description":"Relative Importance"},{"__meta":{"schema_version":-1,"schema_name":"ColumnSpecsBase","schema_type":"Iced"},"name":"scaled_importance","type":"double","format":"%5f","description":"Scaled Importance"},{"__meta":{"schema_version":-1,"schema_name":"ColumnSpecsBase","schema_type":"Iced"},"name":"percentage","type":"double","format":"%5f","description":"Percentage"}],"rowcount":38,"data":[["Epothilone.B.st","JNK.9L.st","NVP.BSK805.st","GSK690693.st","Ch.55.st","I.BET.762.st","GSK1070916.st","GSK461364.st","belinostat.st","SID.26681509.st","Vinblastine.st","alisertib.st","purmorphamine.st","BAY.61.3606.st","triptolide.st","parbendazole.st","PIK.93.st","Rapamycin.st","isoevodiamine.st","PHA.793887.st","MP470.st","ISOX.st","Vandetanib.st","narciclasine.st","Genentech.Cpd.10.st","WZ4002.st","triazolothiadiazine.st","spautin.1.st","KIN001.244.st","brefeldin.A.st","TG.101348.st","KIN001.102.st","bardoxolone.methyl.st","Dasatinib.st","momelotinib.st","Cytarabine.st","CP466722.st","apicidin.st"],[1.0,0.962207555770874,0.957452654838562,0.9396933913230896,0.9243465065956116,0.9182910323143005,0.9159749150276184,0.9130534529685974,0.9046467542648315,0.9022240042686462,0.8960574865341187,0.8946296572685242,0.8859760165214539,0.8845829367637634,0.8831703662872314,0.874716579914093,0.8743866086006165,0.8698474764823914,0.8634675145149231,0.8591464161872864,0.8534500598907471,0.85051029920578,0.8502781391143799,0.8498714566230774,0.8486448526382446,0.8273959159851074,0.8253405094146729,0.8162617087364197,0.806060791015625,0.8001292943954468,0.7973317503929138,0.7953813672065735,0.7901183366775513,0.7896366119384766,0.783277690410614,0.7801446318626404,0.7754415273666382,0.7542291283607483],[1.0,0.962207555770874,0.957452654838562,0.9396933913230896,0.9243465065956116,0.9182910323143005,0.9159749150276184,0.9130534529685974,0.9046467542648315,0.9022240042686462,0.8960574865341187,0.8946296572685242,0.8859760165214539,0.8845829367637634,0.8831703662872314,0.874716579914093,0.8743866086006165,0.8698474764823914,0.8634675145149231,0.8591464161872864,0.8534500598907471,0.85051029920578,0.8502781391143799,0.8498714566230774,0.8486448526382446,0.8273959159851074,0.8253405094146729,0.8162617087364197,0.806060791015625,0.8001292943954468,0.7973317503929138,0.7953813672065735,0.7901183366775513,0.7896366119384766,0.783277690410614,0.7801446318626404,0.7754415273666382,0.7542291283607483],[0.030564798913266234,0.02940968045496217,0.02926434786411355,0.02872153954591543,0.028252465100274987,0.02806738074654226,0.027996589087415282,0.02790729518704857,0.02765034613164355,0.027576295265193028,0.027387816890642104,0.02734417557625673,0.02707967878695488,0.02703709958429093,0.026993924651724913,0.026735536371174227,0.02672545086433067,0.02658671320389637,0.026391710949286416,0.02625963744781775,0.02608552946307571,0.025995676268886565,0.025988580342377235,0.025976150173809026,0.025938659269666403,0.02528918979374253,0.025226366705232192,0.02494887498812776,0.024637085989260895,0.02445579098781043,0.024370284617921997,0.024310671548027688,0.024149808078233744,0.02413508425845238,0.02394072510064802,0.023844963796145716,0.02370121435295733,0.023052861642874338]]}},"compatible_frames":null}
