{"__meta":{"schema_version":3,"schema_name":"DeepLearningModelV3","schema_type":"DeepLearningModel"},"model_id":{"__meta":{"schema_version":3,"schema_name":"ModelKeyV3","schema_type":"Key<Model>"},"name":"DeepLearning_model_R_1595174110316_107","type":"Key<Model>","URL":"/3/Models/DeepLearning_model_R_1595174110316_107"},"algo":"deeplearning","algo_full_name":"Deep Learning","response_column_name":"response","data_frame":{"__meta":{"schema_version":3,"schema_name":"FrameKeyV3","schema_type":"Key<Frame>"},"name":"df.to_sid_9761_16109","type":"Key<Frame>","URL":"/3/Frames/df.to_sid_9761_16109"},"timestamp":1595180690131,"have_pojo":true,"have_mojo":true,"algo":"deeplearning","algo_full_name":"Deep Learning","model_id":{"__meta":{"schema_version":3,"schema_name":"ModelKeyV3","schema_type":"Key<Model>"},"name":"DeepLearning_model_R_1595174110316_107","type":"Key<Model>","URL":"/3/Models/DeepLearning_model_R_1595174110316_107"},"parameters":[{"__meta":{"schema_version":3,"schema_name":"ModelParameterSchemaV3","schema_type":"Iced"},"name":"model_id","label":"model_id","help":"Destination id for this model; auto-generated if not specified.","required":false,"type":"Key<Model>","default_value":null,"actual_value":{"__meta":{"schema_version":3,"schema_name":"ModelKeyV3","schema_type":"Key<Model>"},"name":"DeepLearning_model_R_1595174110316_107","type":"Key<Model>","URL":"/3/Models/DeepLearning_model_R_1595174110316_107"},"level":"critical","values":[],"is_member_of_frames":[],"is_mutually_exclusive_with":[],"gridable":false},{"__meta":{"schema_version":3,"schema_name":"ModelParameterSchemaV3","schema_type":"Iced"},"name":"training_frame","label":"training_frame","help":"Id of the training data frame.","required":false,"type":"Key<Frame>","default_value":null,"actual_value":null,"level":"critical","values":[],"is_member_of_frames":[],"is_mutually_exclusive_with":[],"gridable":false},{"__meta":{"schema_version":3,"schema_name":"ModelParameterSchemaV3","schema_type":"Iced"},"name":"validation_frame","label":"validation_frame","help":"Id of the validation data frame.","required":false,"type":"Key<Frame>","default_value":null,"actual_value":null,"level":"critical","values":[],"is_member_of_frames":[],"is_mutually_exclusive_with":[],"gridable":true},{"__meta":{"schema_version":3,"schema_name":"ModelParameterSchemaV3","schema_type":"Iced"},"name":"nfolds","label":"nfolds","help":"Number of folds for K-fold cross-validation (0 to disable or >= 2).","required":false,"type":"int","default_value":0,"actual_value":0,"level":"critical","values":[],"is_member_of_frames":[],"is_mutually_exclusive_with":[],"gridable":false},{"__meta":{"schema_version":3,"schema_name":"ModelParameterSchemaV3","schema_type":"Iced"},"name":"keep_cross_validation_models","label":"keep_cross_validation_models","help":"Whether to keep the cross-validation models.","required":false,"type":"boolean","default_value":true,"actual_value":true,"level":"expert","values":[],"is_member_of_frames":[],"is_mutually_exclusive_with":[],"gridable":false},{"__meta":{"schema_version":3,"schema_name":"ModelParameterSchemaV3","schema_type":"Iced"},"name":"keep_cross_validation_predictions","label":"keep_cross_validation_predictions","help":"Whether to keep the predictions of the cross-validation models.","required":false,"type":"boolean","default_value":false,"actual_value":false,"level":"expert","values":[],"is_member_of_frames":[],"is_mutually_exclusive_with":[],"gridable":false},{"__meta":{"schema_version":3,"schema_name":"ModelParameterSchemaV3","schema_type":"Iced"},"name":"keep_cross_validation_fold_assignment","label":"keep_cross_validation_fold_assignment","help":"Whether to keep the cross-validation fold assignment.","required":false,"type":"boolean","default_value":false,"actual_value":false,"level":"expert","values":[],"is_member_of_frames":[],"is_mutually_exclusive_with":[],"gridable":false},{"__meta":{"schema_version":3,"schema_name":"ModelParameterSchemaV3","schema_type":"Iced"},"name":"fold_assignment","label":"fold_assignment","help":"Cross-validation fold assignment scheme, if fold_column is not specified. The 'Stratified' option will stratify the folds based on the response variable, for classification problems.","required":false,"type":"enum","default_value":"AUTO","actual_value":"AUTO","level":"secondary","values":["AUTO","Random","Modulo","Stratified"],"is_member_of_frames":[],"is_mutually_exclusive_with":[],"gridable":true},{"__meta":{"schema_version":3,"schema_name":"ModelParameterSchemaV3","schema_type":"Iced"},"name":"fold_column","label":"fold_column","help":"Column with cross-validation fold index assignment per observation.","required":false,"type":"VecSpecifier","default_value":null,"actual_value":null,"level":"secondary","values":[],"is_member_of_frames":["training_frame"],"is_mutually_exclusive_with":["response_column","weights_column","ignored_columns","offset_column"],"gridable":true},{"__meta":{"schema_version":3,"schema_name":"ModelParameterSchemaV3","schema_type":"Iced"},"name":"response_column","label":"response_column","help":"Response variable column.","required":false,"type":"VecSpecifier","default_value":null,"actual_value":{"__meta":{"schema_version":3,"schema_name":"ColSpecifierV3","schema_type":"VecSpecifier"},"column_name":"response","is_member_of_frames":null},"level":"critical","values":[],"is_member_of_frames":["training_frame","validation_frame"],"is_mutually_exclusive_with":["weights_column","ignored_columns","offset_column","fold_column"],"gridable":true},{"__meta":{"schema_version":3,"schema_name":"ModelParameterSchemaV3","schema_type":"Iced"},"name":"ignored_columns","label":"ignored_columns","help":"Names of columns to ignore for training.","required":false,"type":"string[]","default_value":null,"actual_value":[""],"level":"critical","values":[],"is_member_of_frames":["training_frame","validation_frame"],"is_mutually_exclusive_with":["response_column","weights_column","offset_column","fold_column"],"gridable":false},{"__meta":{"schema_version":3,"schema_name":"ModelParameterSchemaV3","schema_type":"Iced"},"name":"ignore_const_cols","label":"ignore_const_cols","help":"Ignore constant columns.","required":false,"type":"boolean","default_value":true,"actual_value":true,"level":"critical","values":[],"is_member_of_frames":[],"is_mutually_exclusive_with":[],"gridable":false},{"__meta":{"schema_version":3,"schema_name":"ModelParameterSchemaV3","schema_type":"Iced"},"name":"score_each_iteration","label":"score_each_iteration","help":"Whether to score during each iteration of model training.","required":false,"type":"boolean","default_value":false,"actual_value":false,"level":"secondary","values":[],"is_member_of_frames":[],"is_mutually_exclusive_with":[],"gridable":false},{"__meta":{"schema_version":3,"schema_name":"ModelParameterSchemaV3","schema_type":"Iced"},"name":"weights_column","label":"weights_column","help":"Column with observation weights. Giving some observation a weight of zero is equivalent to excluding it from the dataset; giving an observation a relative weight of 2 is equivalent to repeating that row twice. Negative weights are not allowed. Note: Weights are per-row observation weights and do not increase the size of the data frame. This is typically the number of times a row is repeated, but non-integer values are supported as well. During training, rows with higher weights matter more, due to the larger loss function pre-factor.","required":false,"type":"VecSpecifier","default_value":null,"actual_value":null,"level":"secondary","values":[],"is_member_of_frames":["training_frame","validation_frame"],"is_mutually_exclusive_with":["response_column","ignored_columns","offset_column","fold_column"],"gridable":true},{"__meta":{"schema_version":3,"schema_name":"ModelParameterSchemaV3","schema_type":"Iced"},"name":"offset_column","label":"offset_column","help":"Offset column. This will be added to the combination of columns before applying the link function.","required":false,"type":"VecSpecifier","default_value":null,"actual_value":null,"level":"secondary","values":[],"is_member_of_frames":["training_frame","validation_frame"],"is_mutually_exclusive_with":["response_column","weights_column","ignored_columns","fold_column"],"gridable":true},{"__meta":{"schema_version":3,"schema_name":"ModelParameterSchemaV3","schema_type":"Iced"},"name":"balance_classes","label":"balance_classes","help":"Balance training data class counts via over/under-sampling (for imbalanced data).","required":false,"type":"boolean","default_value":false,"actual_value":false,"level":"secondary","values":[],"is_member_of_frames":[],"is_mutually_exclusive_with":[],"gridable":true},{"__meta":{"schema_version":3,"schema_name":"ModelParameterSchemaV3","schema_type":"Iced"},"name":"class_sampling_factors","label":"class_sampling_factors","help":"Desired over/under-sampling ratios per class (in lexicographic order). If not specified, sampling factors will be automatically computed to obtain class balance during training. Requires balance_classes.","required":false,"type":"float[]","default_value":null,"actual_value":null,"level":"expert","values":[],"is_member_of_frames":[],"is_mutually_exclusive_with":[],"gridable":true},{"__meta":{"schema_version":3,"schema_name":"ModelParameterSchemaV3","schema_type":"Iced"},"name":"max_after_balance_size","label":"max_after_balance_size","help":"Maximum relative size of the training data after balancing class counts (can be less than 1.0). Requires balance_classes.","required":false,"type":"float","default_value":5.0,"actual_value":5.0,"level":"expert","values":[],"is_member_of_frames":[],"is_mutually_exclusive_with":[],"gridable":false},{"__meta":{"schema_version":3,"schema_name":"ModelParameterSchemaV3","schema_type":"Iced"},"name":"max_confusion_matrix_size","label":"max_confusion_matrix_size","help":"[Deprecated] Maximum size (# classes) for confusion matrices to be printed in the Logs.","required":false,"type":"int","default_value":20,"actual_value":20,"level":"secondary","values":[],"is_member_of_frames":[],"is_mutually_exclusive_with":[],"gridable":false},{"__meta":{"schema_version":3,"schema_name":"ModelParameterSchemaV3","schema_type":"Iced"},"name":"max_hit_ratio_k","label":"max_hit_ratio_k","help":"Max. number (top K) of predictions to use for hit ratio computation (for multi-class only, 0 to disable).","required":false,"type":"int","default_value":0,"actual_value":0,"level":"secondary","values":[],"is_member_of_frames":[],"is_mutually_exclusive_with":[],"gridable":true},{"__meta":{"schema_version":3,"schema_name":"ModelParameterSchemaV3","schema_type":"Iced"},"name":"checkpoint","label":"checkpoint","help":"Model checkpoint to resume training with.","required":false,"type":"Key<Model>","default_value":null,"actual_value":null,"level":"secondary","values":[],"is_member_of_frames":[],"is_mutually_exclusive_with":[],"gridable":false},{"__meta":{"schema_version":3,"schema_name":"ModelParameterSchemaV3","schema_type":"Iced"},"name":"pretrained_autoencoder","label":"pretrained_autoencoder","help":"Pretrained autoencoder model to initialize this model with.","required":false,"type":"Key<Model>","default_value":null,"actual_value":null,"level":"expert","values":[],"is_member_of_frames":[],"is_mutually_exclusive_with":[],"gridable":false},{"__meta":{"schema_version":3,"schema_name":"ModelParameterSchemaV3","schema_type":"Iced"},"name":"overwrite_with_best_model","label":"overwrite_with_best_model","help":"If enabled, override the final model with the best model found during training.","required":false,"type":"boolean","default_value":true,"actual_value":true,"level":"expert","values":[],"is_member_of_frames":[],"is_mutually_exclusive_with":[],"gridable":true},{"__meta":{"schema_version":3,"schema_name":"ModelParameterSchemaV3","schema_type":"Iced"},"name":"use_all_factor_levels","label":"use_all_factor_levels","help":"Use all factor levels of categorical variables. Otherwise, the first factor level is omitted (without loss of accuracy). Useful for variable importances and auto-enabled for autoencoder.","required":false,"type":"boolean","default_value":true,"actual_value":true,"level":"secondary","values":[],"is_member_of_frames":[],"is_mutually_exclusive_with":[],"gridable":true},{"__meta":{"schema_version":3,"schema_name":"ModelParameterSchemaV3","schema_type":"Iced"},"name":"standardize","label":"standardize","help":"If enabled, automatically standardize the data. If disabled, the user must provide properly scaled input data.","required":false,"type":"boolean","default_value":true,"actual_value":true,"level":"secondary","values":[],"is_member_of_frames":[],"is_mutually_exclusive_with":[],"gridable":true},{"__meta":{"schema_version":3,"schema_name":"ModelParameterSchemaV3","schema_type":"Iced"},"name":"activation","label":"activation","help":"Activation function.","required":false,"type":"enum","default_value":"Rectifier","actual_value":"Rectifier","level":"critical","values":["Tanh","TanhWithDropout","Rectifier","RectifierWithDropout","Maxout","MaxoutWithDropout"],"is_member_of_frames":[],"is_mutually_exclusive_with":[],"gridable":true},{"__meta":{"schema_version":3,"schema_name":"ModelParameterSchemaV3","schema_type":"Iced"},"name":"hidden","label":"hidden","help":"Hidden layer sizes (e.g. [100, 100]).","required":false,"type":"int[]","default_value":[200,200],"actual_value":[200,200],"level":"critical","values":[],"is_member_of_frames":[],"is_mutually_exclusive_with":[],"gridable":true},{"__meta":{"schema_version":3,"schema_name":"ModelParameterSchemaV3","schema_type":"Iced"},"name":"epochs","label":"epochs","help":"How many times the dataset should be iterated (streamed), can be fractional.","required":false,"type":"double","default_value":10.0,"actual_value":10000.0,"level":"critical","values":[],"is_member_of_frames":[],"is_mutually_exclusive_with":[],"gridable":true},{"__meta":{"schema_version":3,"schema_name":"ModelParameterSchemaV3","schema_type":"Iced"},"name":"train_samples_per_iteration","label":"train_samples_per_iteration","help":"Number of training samples (globally) per MapReduce iteration. Special values are 0: one epoch, -1: all available data (e.g., replicated training data), -2: automatic.","required":false,"type":"long","default_value":-2,"actual_value":-2,"level":"secondary","values":[],"is_member_of_frames":[],"is_mutually_exclusive_with":[],"gridable":true},{"__meta":{"schema_version":3,"schema_name":"ModelParameterSchemaV3","schema_type":"Iced"},"name":"target_ratio_comm_to_comp","label":"target_ratio_comm_to_comp","help":"Target ratio of communication overhead to computation. Only for multi-node operation and train_samples_per_iteration = -2 (auto-tuning).","required":false,"type":"double","default_value":0.05,"actual_value":0.05,"level":"expert","values":[],"is_member_of_frames":[],"is_mutually_exclusive_with":[],"gridable":true},{"__meta":{"schema_version":3,"schema_name":"ModelParameterSchemaV3","schema_type":"Iced"},"name":"seed","label":"seed","help":"Seed for random numbers (affects sampling) - Note: only reproducible when running single threaded.","required":false,"type":"long","default_value":-1,"actual_value":3831028296323913525,"level":"expert","values":[],"is_member_of_frames":[],"is_mutually_exclusive_with":[],"gridable":true},{"__meta":{"schema_version":3,"schema_name":"ModelParameterSchemaV3","schema_type":"Iced"},"name":"adaptive_rate","label":"adaptive_rate","help":"Adaptive learning rate.","required":false,"type":"boolean","default_value":true,"actual_value":true,"level":"secondary","values":[],"is_member_of_frames":[],"is_mutually_exclusive_with":[],"gridable":true},{"__meta":{"schema_version":3,"schema_name":"ModelParameterSchemaV3","schema_type":"Iced"},"name":"rho","label":"rho","help":"Adaptive learning rate time decay factor (similarity to prior updates).","required":false,"type":"double","default_value":0.99,"actual_value":0.99,"level":"expert","values":[],"is_member_of_frames":[],"is_mutually_exclusive_with":[],"gridable":true},{"__meta":{"schema_version":3,"schema_name":"ModelParameterSchemaV3","schema_type":"Iced"},"name":"epsilon","label":"epsilon","help":"Adaptive learning rate smoothing factor (to avoid divisions by zero and allow progress).","required":false,"type":"double","default_value":1.0E-8,"actual_value":1.0E-8,"level":"expert","values":[],"is_member_of_frames":[],"is_mutually_exclusive_with":[],"gridable":true},{"__meta":{"schema_version":3,"schema_name":"ModelParameterSchemaV3","schema_type":"Iced"},"name":"rate","label":"rate","help":"Learning rate (higher => less stable, lower => slower convergence).","required":false,"type":"double","default_value":0.005,"actual_value":0.005,"level":"expert","values":[],"is_member_of_frames":[],"is_mutually_exclusive_with":[],"gridable":true},{"__meta":{"schema_version":3,"schema_name":"ModelParameterSchemaV3","schema_type":"Iced"},"name":"rate_annealing","label":"rate_annealing","help":"Learning rate annealing: rate / (1 + rate_annealing * samples).","required":false,"type":"double","default_value":1.0E-6,"actual_value":1.0E-6,"level":"expert","values":[],"is_member_of_frames":[],"is_mutually_exclusive_with":[],"gridable":true},{"__meta":{"schema_version":3,"schema_name":"ModelParameterSchemaV3","schema_type":"Iced"},"name":"rate_decay","label":"rate_decay","help":"Learning rate decay factor between layers (N-th layer: rate * rate_decay ^ (n - 1).","required":false,"type":"double","default_value":1.0,"actual_value":1.0,"level":"expert","values":[],"is_member_of_frames":[],"is_mutually_exclusive_with":[],"gridable":true},{"__meta":{"schema_version":3,"schema_name":"ModelParameterSchemaV3","schema_type":"Iced"},"name":"momentum_start","label":"momentum_start","help":"Initial momentum at the beginning of training (try 0.5).","required":false,"type":"double","default_value":0.0,"actual_value":0.0,"level":"expert","values":[],"is_member_of_frames":[],"is_mutually_exclusive_with":[],"gridable":true},{"__meta":{"schema_version":3,"schema_name":"ModelParameterSchemaV3","schema_type":"Iced"},"name":"momentum_ramp","label":"momentum_ramp","help":"Number of training samples for which momentum increases.","required":false,"type":"double","default_value":1000000.0,"actual_value":1000000.0,"level":"expert","values":[],"is_member_of_frames":[],"is_mutually_exclusive_with":[],"gridable":true},{"__meta":{"schema_version":3,"schema_name":"ModelParameterSchemaV3","schema_type":"Iced"},"name":"momentum_stable","label":"momentum_stable","help":"Final momentum after the ramp is over (try 0.99).","required":false,"type":"double","default_value":0.0,"actual_value":0.0,"level":"expert","values":[],"is_member_of_frames":[],"is_mutually_exclusive_with":[],"gridable":true},{"__meta":{"schema_version":3,"schema_name":"ModelParameterSchemaV3","schema_type":"Iced"},"name":"nesterov_accelerated_gradient","label":"nesterov_accelerated_gradient","help":"Use Nesterov accelerated gradient (recommended).","required":false,"type":"boolean","default_value":true,"actual_value":true,"level":"expert","values":[],"is_member_of_frames":[],"is_mutually_exclusive_with":[],"gridable":true},{"__meta":{"schema_version":3,"schema_name":"ModelParameterSchemaV3","schema_type":"Iced"},"name":"input_dropout_ratio","label":"input_dropout_ratio","help":"Input layer dropout ratio (can improve generalization, try 0.1 or 0.2).","required":false,"type":"double","default_value":0.0,"actual_value":0.0,"level":"secondary","values":[],"is_member_of_frames":[],"is_mutually_exclusive_with":[],"gridable":true},{"__meta":{"schema_version":3,"schema_name":"ModelParameterSchemaV3","schema_type":"Iced"},"name":"hidden_dropout_ratios","label":"hidden_dropout_ratios","help":"Hidden layer dropout ratios (can improve generalization), specify one value per hidden layer, defaults to 0.5.","required":false,"type":"double[]","default_value":null,"actual_value":null,"level":"secondary","values":[],"is_member_of_frames":[],"is_mutually_exclusive_with":[],"gridable":true},{"__meta":{"schema_version":3,"schema_name":"ModelParameterSchemaV3","schema_type":"Iced"},"name":"l1","label":"l1","help":"L1 regularization (can add stability and improve generalization, causes many weights to become 0).","required":false,"type":"double","default_value":0.0,"actual_value":0.0,"level":"secondary","values":[],"is_member_of_frames":[],"is_mutually_exclusive_with":[],"gridable":true},{"__meta":{"schema_version":3,"schema_name":"ModelParameterSchemaV3","schema_type":"Iced"},"name":"l2","label":"l2","help":"L2 regularization (can add stability and improve generalization, causes many weights to be small.","required":false,"type":"double","default_value":0.0,"actual_value":0.0,"level":"secondary","values":[],"is_member_of_frames":[],"is_mutually_exclusive_with":[],"gridable":true},{"__meta":{"schema_version":3,"schema_name":"ModelParameterSchemaV3","schema_type":"Iced"},"name":"max_w2","label":"max_w2","help":"Constraint for squared sum of incoming weights per unit (e.g. for Rectifier).","required":false,"type":"float","default_value":3.4028235E38,"actual_value":3.4028235E38,"level":"expert","values":[],"is_member_of_frames":[],"is_mutually_exclusive_with":[],"gridable":true},{"__meta":{"schema_version":3,"schema_name":"ModelParameterSchemaV3","schema_type":"Iced"},"name":"initial_weight_distribution","label":"initial_weight_distribution","help":"Initial weight distribution.","required":false,"type":"enum","default_value":"UniformAdaptive","actual_value":"UniformAdaptive","level":"expert","values":["UniformAdaptive","Uniform","Normal"],"is_member_of_frames":[],"is_mutually_exclusive_with":[],"gridable":true},{"__meta":{"schema_version":3,"schema_name":"ModelParameterSchemaV3","schema_type":"Iced"},"name":"initial_weight_scale","label":"initial_weight_scale","help":"Uniform: -value...value, Normal: stddev.","required":false,"type":"double","default_value":1.0,"actual_value":1.0,"level":"expert","values":[],"is_member_of_frames":[],"is_mutually_exclusive_with":[],"gridable":true},{"__meta":{"schema_version":3,"schema_name":"ModelParameterSchemaV3","schema_type":"Iced"},"name":"initial_weights","label":"initial_weights","help":"A list of H2OFrame ids to initialize the weight matrices of this model with.","required":false,"type":"Key<Frame>[]","default_value":null,"actual_value":null,"level":"expert","values":[],"is_member_of_frames":[],"is_mutually_exclusive_with":[],"gridable":true},{"__meta":{"schema_version":3,"schema_name":"ModelParameterSchemaV3","schema_type":"Iced"},"name":"initial_biases","label":"initial_biases","help":"A list of H2OFrame ids to initialize the bias vectors of this model with.","required":false,"type":"Key<Frame>[]","default_value":null,"actual_value":null,"level":"expert","values":[],"is_member_of_frames":[],"is_mutually_exclusive_with":[],"gridable":true},{"__meta":{"schema_version":3,"schema_name":"ModelParameterSchemaV3","schema_type":"Iced"},"name":"loss","label":"loss","help":"Loss function.","required":false,"type":"enum","default_value":"Automatic","actual_value":"Automatic","level":"secondary","values":["Automatic","CrossEntropy","Quadratic","Huber","Absolute","Quantile"],"is_member_of_frames":[],"is_mutually_exclusive_with":[],"gridable":true},{"__meta":{"schema_version":3,"schema_name":"ModelParameterSchemaV3","schema_type":"Iced"},"name":"distribution","label":"distribution","help":"Distribution function","required":false,"type":"enum","default_value":"AUTO","actual_value":"AUTO","level":"secondary","values":["AUTO","bernoulli","quasibinomial","ordinal","multinomial","gaussian","poisson","gamma","tweedie","laplace","quantile","huber","custom"],"is_member_of_frames":[],"is_mutually_exclusive_with":[],"gridable":true},{"__meta":{"schema_version":3,"schema_name":"ModelParameterSchemaV3","schema_type":"Iced"},"name":"quantile_alpha","label":"quantile_alpha","help":"Desired quantile for Quantile regression, must be between 0 and 1.","required":false,"type":"double","default_value":0.5,"actual_value":0.5,"level":"secondary","values":[],"is_member_of_frames":[],"is_mutually_exclusive_with":[],"gridable":true},{"__meta":{"schema_version":3,"schema_name":"ModelParameterSchemaV3","schema_type":"Iced"},"name":"tweedie_power","label":"tweedie_power","help":"Tweedie power for Tweedie regression, must be between 1 and 2.","required":false,"type":"double","default_value":1.5,"actual_value":1.5,"level":"secondary","values":[],"is_member_of_frames":[],"is_mutually_exclusive_with":[],"gridable":true},{"__meta":{"schema_version":3,"schema_name":"ModelParameterSchemaV3","schema_type":"Iced"},"name":"huber_alpha","label":"huber_alpha","help":"Desired quantile for Huber/M-regression (threshold between quadratic and linear loss, must be between 0 and 1).","required":false,"type":"double","default_value":0.9,"actual_value":0.9,"level":"secondary","values":[],"is_member_of_frames":[],"is_mutually_exclusive_with":[],"gridable":true},{"__meta":{"schema_version":3,"schema_name":"ModelParameterSchemaV3","schema_type":"Iced"},"name":"score_interval","label":"score_interval","help":"Shortest time interval (in seconds) between model scoring.","required":false,"type":"double","default_value":5.0,"actual_value":5.0,"level":"secondary","values":[],"is_member_of_frames":[],"is_mutually_exclusive_with":[],"gridable":true},{"__meta":{"schema_version":3,"schema_name":"ModelParameterSchemaV3","schema_type":"Iced"},"name":"score_training_samples","label":"score_training_samples","help":"Number of training set samples for scoring (0 for all).","required":false,"type":"long","default_value":10000,"actual_value":10000,"level":"secondary","values":[],"is_member_of_frames":[],"is_mutually_exclusive_with":[],"gridable":true},{"__meta":{"schema_version":3,"schema_name":"ModelParameterSchemaV3","schema_type":"Iced"},"name":"score_validation_samples","label":"score_validation_samples","help":"Number of validation set samples for scoring (0 for all).","required":false,"type":"long","default_value":0,"actual_value":10000,"level":"secondary","values":[],"is_member_of_frames":[],"is_mutually_exclusive_with":[],"gridable":true},{"__meta":{"schema_version":3,"schema_name":"ModelParameterSchemaV3","schema_type":"Iced"},"name":"score_duty_cycle","label":"score_duty_cycle","help":"Maximum duty cycle fraction for scoring (lower: more training, higher: more scoring).","required":false,"type":"double","default_value":0.1,"actual_value":0.1,"level":"secondary","values":[],"is_member_of_frames":[],"is_mutually_exclusive_with":[],"gridable":true},{"__meta":{"schema_version":3,"schema_name":"ModelParameterSchemaV3","schema_type":"Iced"},"name":"classification_stop","label":"classification_stop","help":"Stopping criterion for classification error fraction on training data (-1 to disable).","required":false,"type":"double","default_value":0.0,"actual_value":0.0,"level":"expert","values":[],"is_member_of_frames":[],"is_mutually_exclusive_with":[],"gridable":true},{"__meta":{"schema_version":3,"schema_name":"ModelParameterSchemaV3","schema_type":"Iced"},"name":"regression_stop","label":"regression_stop","help":"Stopping criterion for regression error (MSE) on training data (-1 to disable).","required":false,"type":"double","default_value":1.0E-6,"actual_value":1.0E-6,"level":"expert","values":[],"is_member_of_frames":[],"is_mutually_exclusive_with":[],"gridable":true},{"__meta":{"schema_version":3,"schema_name":"ModelParameterSchemaV3","schema_type":"Iced"},"name":"stopping_rounds","label":"stopping_rounds","help":"Early stopping based on convergence of stopping_metric. Stop if simple moving average of length k of the stopping_metric does not improve for k:=stopping_rounds scoring events (0 to disable)","required":false,"type":"int","default_value":5,"actual_value":2,"level":"secondary","values":[],"is_member_of_frames":[],"is_mutually_exclusive_with":[],"gridable":true},{"__meta":{"schema_version":3,"schema_name":"ModelParameterSchemaV3","schema_type":"Iced"},"name":"stopping_metric","label":"stopping_metric","help":"Metric to use for early stopping (AUTO: logloss for classification, deviance for regression and anonomaly_score for Isolation Forest). Note that custom and custom_increasing can only be used in GBM and DRF with the Python client.","required":false,"type":"enum","default_value":"AUTO","actual_value":"MSE","level":"secondary","values":["AUTO","deviance","logloss","MSE","RMSE","MAE","RMSLE","AUC","AUCPR","lift_top_group","misclassification","mean_per_class_error","anomaly_score","custom","custom_increasing"],"is_member_of_frames":[],"is_mutually_exclusive_with":[],"gridable":true},{"__meta":{"schema_version":3,"schema_name":"ModelParameterSchemaV3","schema_type":"Iced"},"name":"stopping_tolerance","label":"stopping_tolerance","help":"Relative tolerance for metric-based stopping criterion (stop if relative improvement is not at least this much)","required":false,"type":"double","default_value":0.0,"actual_value":0.01,"level":"secondary","values":[],"is_member_of_frames":[],"is_mutually_exclusive_with":[],"gridable":true},{"__meta":{"schema_version":3,"schema_name":"ModelParameterSchemaV3","schema_type":"Iced"},"name":"max_runtime_secs","label":"max_runtime_secs","help":"Maximum allowed runtime in seconds for model training. Use 0 to disable.","required":false,"type":"double","default_value":0.0,"actual_value":0.0,"level":"secondary","values":[],"is_member_of_frames":[],"is_mutually_exclusive_with":[],"gridable":true},{"__meta":{"schema_version":3,"schema_name":"ModelParameterSchemaV3","schema_type":"Iced"},"name":"score_validation_sampling","label":"score_validation_sampling","help":"Method used to sample validation dataset for scoring.","required":false,"type":"enum","default_value":"Uniform","actual_value":"Uniform","level":"expert","values":["Uniform","Stratified"],"is_member_of_frames":[],"is_mutually_exclusive_with":[],"gridable":true},{"__meta":{"schema_version":3,"schema_name":"ModelParameterSchemaV3","schema_type":"Iced"},"name":"diagnostics","label":"diagnostics","help":"Enable diagnostics for hidden layers.","required":false,"type":"boolean","default_value":true,"actual_value":true,"level":"expert","values":[],"is_member_of_frames":[],"is_mutually_exclusive_with":[],"gridable":false},{"__meta":{"schema_version":3,"schema_name":"ModelParameterSchemaV3","schema_type":"Iced"},"name":"fast_mode","label":"fast_mode","help":"Enable fast mode (minor approximation in back-propagation).","required":false,"type":"boolean","default_value":true,"actual_value":true,"level":"expert","values":[],"is_member_of_frames":[],"is_mutually_exclusive_with":[],"gridable":true},{"__meta":{"schema_version":3,"schema_name":"ModelParameterSchemaV3","schema_type":"Iced"},"name":"force_load_balance","label":"force_load_balance","help":"Force extra load balancing to increase training speed for small datasets (to keep all cores busy).","required":false,"type":"boolean","default_value":true,"actual_value":true,"level":"expert","values":[],"is_member_of_frames":[],"is_mutually_exclusive_with":[],"gridable":true},{"__meta":{"schema_version":3,"schema_name":"ModelParameterSchemaV3","schema_type":"Iced"},"name":"variable_importances","label":"variable_importances","help":"Compute variable importances for input features (Gedeon method) - can be slow for large networks.","required":false,"type":"boolean","default_value":true,"actual_value":true,"level":"critical","values":[],"is_member_of_frames":[],"is_mutually_exclusive_with":[],"gridable":true},{"__meta":{"schema_version":3,"schema_name":"ModelParameterSchemaV3","schema_type":"Iced"},"name":"replicate_training_data","label":"replicate_training_data","help":"Replicate the entire training dataset onto every node for faster training on small datasets.","required":false,"type":"boolean","default_value":true,"actual_value":true,"level":"secondary","values":[],"is_member_of_frames":[],"is_mutually_exclusive_with":[],"gridable":true},{"__meta":{"schema_version":3,"schema_name":"ModelParameterSchemaV3","schema_type":"Iced"},"name":"single_node_mode","label":"single_node_mode","help":"Run on a single node for fine-tuning of model parameters.","required":false,"type":"boolean","default_value":false,"actual_value":false,"level":"expert","values":[],"is_member_of_frames":[],"is_mutually_exclusive_with":[],"gridable":true},{"__meta":{"schema_version":3,"schema_name":"ModelParameterSchemaV3","schema_type":"Iced"},"name":"shuffle_training_data","label":"shuffle_training_data","help":"Enable shuffling of training data (recommended if training data is replicated and train_samples_per_iteration is close to #nodes x #rows, of if using balance_classes).","required":false,"type":"boolean","default_value":false,"actual_value":false,"level":"expert","values":[],"is_member_of_frames":[],"is_mutually_exclusive_with":[],"gridable":true},{"__meta":{"schema_version":3,"schema_name":"ModelParameterSchemaV3","schema_type":"Iced"},"name":"missing_values_handling","label":"missing_values_handling","help":"Handling of missing values. Either MeanImputation or Skip.","required":false,"type":"enum","default_value":"MeanImputation","actual_value":"MeanImputation","level":"expert","values":["MeanImputation","Skip"],"is_member_of_frames":[],"is_mutually_exclusive_with":[],"gridable":true},{"__meta":{"schema_version":3,"schema_name":"ModelParameterSchemaV3","schema_type":"Iced"},"name":"quiet_mode","label":"quiet_mode","help":"Enable quiet mode for less output to standard output.","required":false,"type":"boolean","default_value":false,"actual_value":false,"level":"expert","values":[],"is_member_of_frames":[],"is_mutually_exclusive_with":[],"gridable":true},{"__meta":{"schema_version":3,"schema_name":"ModelParameterSchemaV3","schema_type":"Iced"},"name":"autoencoder","label":"autoencoder","help":"Auto-Encoder.","required":false,"type":"boolean","default_value":false,"actual_value":false,"level":"secondary","values":[],"is_member_of_frames":[],"is_mutually_exclusive_with":[],"gridable":false},{"__meta":{"schema_version":3,"schema_name":"ModelParameterSchemaV3","schema_type":"Iced"},"name":"sparse","label":"sparse","help":"Sparse data handling (more efficient for data with lots of 0 values).","required":false,"type":"boolean","default_value":false,"actual_value":false,"level":"expert","values":[],"is_member_of_frames":[],"is_mutually_exclusive_with":[],"gridable":true},{"__meta":{"schema_version":3,"schema_name":"ModelParameterSchemaV3","schema_type":"Iced"},"name":"col_major","label":"col_major","help":"#DEPRECATED Use a column major weight matrix for input layer. Can speed up forward propagation, but might slow down backpropagation.","required":false,"type":"boolean","default_value":false,"actual_value":false,"level":"expert","values":[],"is_member_of_frames":[],"is_mutually_exclusive_with":[],"gridable":true},{"__meta":{"schema_version":3,"schema_name":"ModelParameterSchemaV3","schema_type":"Iced"},"name":"average_activation","label":"average_activation","help":"Average activation for sparse auto-encoder. #Experimental","required":false,"type":"double","default_value":0.0,"actual_value":0.0,"level":"expert","values":[],"is_member_of_frames":[],"is_mutually_exclusive_with":[],"gridable":true},{"__meta":{"schema_version":3,"schema_name":"ModelParameterSchemaV3","schema_type":"Iced"},"name":"sparsity_beta","label":"sparsity_beta","help":"Sparsity regularization. #Experimental","required":false,"type":"double","default_value":0.0,"actual_value":0.0,"level":"expert","values":[],"is_member_of_frames":[],"is_mutually_exclusive_with":[],"gridable":true},{"__meta":{"schema_version":3,"schema_name":"ModelParameterSchemaV3","schema_type":"Iced"},"name":"max_categorical_features","label":"max_categorical_features","help":"Max. number of categorical features, enforced via hashing. #Experimental","required":false,"type":"int","default_value":2147483647,"actual_value":2147483647,"level":"expert","values":[],"is_member_of_frames":[],"is_mutually_exclusive_with":[],"gridable":true},{"__meta":{"schema_version":3,"schema_name":"ModelParameterSchemaV3","schema_type":"Iced"},"name":"reproducible","label":"reproducible","help":"Force reproducibility on small data (will be slow - only uses 1 thread).","required":false,"type":"boolean","default_value":false,"actual_value":false,"level":"expert","values":[],"is_member_of_frames":[],"is_mutually_exclusive_with":[],"gridable":true},{"__meta":{"schema_version":3,"schema_name":"ModelParameterSchemaV3","schema_type":"Iced"},"name":"export_weights_and_biases","label":"export_weights_and_biases","help":"Whether to export Neural Network weights and biases to H2O Frames.","required":false,"type":"boolean","default_value":false,"actual_value":false,"level":"expert","values":[],"is_member_of_frames":[],"is_mutually_exclusive_with":[],"gridable":false},{"__meta":{"schema_version":3,"schema_name":"ModelParameterSchemaV3","schema_type":"Iced"},"name":"mini_batch_size","label":"mini_batch_size","help":"Mini-batch size (smaller leads to better fit, larger can speed up and generalize better).","required":false,"type":"int","default_value":1,"actual_value":1,"level":"expert","values":[],"is_member_of_frames":[],"is_mutually_exclusive_with":[],"gridable":false},{"__meta":{"schema_version":3,"schema_name":"ModelParameterSchemaV3","schema_type":"Iced"},"name":"categorical_encoding","label":"categorical_encoding","help":"Encoding scheme for categorical features","required":false,"type":"enum","default_value":"AUTO","actual_value":"AUTO","level":"secondary","values":["AUTO","Enum","OneHotInternal","OneHotExplicit","Binary","Eigen","LabelEncoder","SortByResponse","EnumLimited"],"is_member_of_frames":[],"is_mutually_exclusive_with":[],"gridable":true},{"__meta":{"schema_version":3,"schema_name":"ModelParameterSchemaV3","schema_type":"Iced"},"name":"elastic_averaging","label":"elastic_averaging","help":"Elastic averaging between compute nodes can improve distributed model convergence. #Experimental","required":false,"type":"boolean","default_value":false,"actual_value":false,"level":"expert","values":[],"is_member_of_frames":[],"is_mutually_exclusive_with":[],"gridable":true},{"__meta":{"schema_version":3,"schema_name":"ModelParameterSchemaV3","schema_type":"Iced"},"name":"elastic_averaging_moving_rate","label":"elastic_averaging_moving_rate","help":"Elastic averaging moving rate (only if elastic averaging is enabled).","required":false,"type":"double","default_value":0.9,"actual_value":0.9,"level":"expert","values":[],"is_member_of_frames":[],"is_mutually_exclusive_with":[],"gridable":true},{"__meta":{"schema_version":3,"schema_name":"ModelParameterSchemaV3","schema_type":"Iced"},"name":"elastic_averaging_regularization","label":"elastic_averaging_regularization","help":"Elastic averaging regularization strength (only if elastic averaging is enabled).","required":false,"type":"double","default_value":0.001,"actual_value":0.001,"level":"expert","values":[],"is_member_of_frames":[],"is_mutually_exclusive_with":[],"gridable":true},{"__meta":{"schema_version":3,"schema_name":"ModelParameterSchemaV3","schema_type":"Iced"},"name":"export_checkpoints_dir","label":"export_checkpoints_dir","help":"Automatically export generated models to this directory.","required":false,"type":"string","default_value":null,"actual_value":null,"level":"secondary","values":[],"is_member_of_frames":[],"is_mutually_exclusive_with":[],"gridable":false}],"output":{"__meta":{"schema_version":3,"schema_name":"DeepLearningModelOutputV3","schema_type":"DeepLearningModelOutput"},"names":["Cytarabine.st","AUY922.st","brefeldin.A.st","Vinblastine.st","KU.0063794.st","Doxorubicin.st","BMS.754807.st","GW.441756.st","Bosutinib.st","SNX.2112.st","JQ.1.st","phenformin.st","AT13387.st","BAY.61.3606.st","TW.37.st","Vorinostat.st","X3.Cl.AHPC.st","Epothilone.B.st","ZM.447439.st","embelin.st","NVP.231.st","SCH.79797.st","Topotecan.st","vincristine.st","GSK429286A.st","necrosulfonamide.st","isoevodiamine.st","SN.38.st","CAY10603.st","GSK2636771.st","TPCA.1.st","fluvastatin.st","Irinotecan.st","AT7867.st","belinostat.st","birinapant.st","CUDC.101.st","JW.7.24.1.st","XL.184.st","response"],"original_names":["Cytarabine.st","AUY922.st","brefeldin.A.st","Vinblastine.st","KU.0063794.st","Doxorubicin.st","BMS.754807.st","GW.441756.st","Bosutinib.st","SNX.2112.st","JQ.1.st","phenformin.st","AT13387.st","BAY.61.3606.st","TW.37.st","Vorinostat.st","X3.Cl.AHPC.st","Epothilone.B.st","ZM.447439.st","embelin.st","NVP.231.st","SCH.79797.st","Topotecan.st","vincristine.st","GSK429286A.st","necrosulfonamide.st","isoevodiamine.st","SN.38.st","CAY10603.st","GSK2636771.st","TPCA.1.st","fluvastatin.st","Irinotecan.st","AT7867.st","belinostat.st","birinapant.st","CUDC.101.st","JW.7.24.1.st","XL.184.st","response"],"column_types":["Numeric","Numeric","Numeric","Numeric","Numeric","Numeric","Numeric","Numeric","Numeric","Numeric","Numeric","Numeric","Numeric","Numeric","Numeric","Numeric","Numeric","Numeric","Numeric","Numeric","Numeric","Numeric","Numeric","Numeric","Numeric","Numeric","Numeric","Numeric","Numeric","Numeric","Numeric","Numeric","Numeric","Numeric","Numeric","Numeric","Numeric","Numeric","Numeric","Numeric"],"domains":[null,null,null,null,null,null,null,null,null,null,null,null,null,null,null,null,null,null,null,null,null,null,null,null,null,null,null,null,null,null,null,null,null,null,null,null,null,null,null,null],"cross_validation_models":null,"cross_validation_predictions":null,"cross_validation_holdout_predictions_frame_id":null,"cross_validation_fold_assignment_frame_id":null,"model_category":"Regression","model_summary":{"__meta":{"schema_version":3,"schema_name":"TwoDimTableV3","schema_type":"TwoDimTable"},"name":"Status of Neuron Layers","description":"predicting response, regression, gaussian distribution, Quadratic loss, 48,401 weights/biases, 582.5 KB, 275,940 training samples, mini-batch size 1","columns":[{"__meta":{"schema_version":-1,"schema_name":"ColumnSpecsBase","schema_type":"Iced"},"name":"","type":"string","format":"%s","description":""},{"__meta":{"schema_version":-1,"schema_name":"ColumnSpecsBase","schema_type":"Iced"},"name":"layer","type":"int","format":"%d","description":"Layer"},{"__meta":{"schema_version":-1,"schema_name":"ColumnSpecsBase","schema_type":"Iced"},"name":"units","type":"int","format":"%d","description":"Units"},{"__meta":{"schema_version":-1,"schema_name":"ColumnSpecsBase","schema_type":"Iced"},"name":"type","type":"string","format":"%s","description":"Type"},{"__meta":{"schema_version":-1,"schema_name":"ColumnSpecsBase","schema_type":"Iced"},"name":"dropout","type":"double","format":"%2.2f %%","description":"Dropout"},{"__meta":{"schema_version":-1,"schema_name":"ColumnSpecsBase","schema_type":"Iced"},"name":"l1","type":"double","format":"%5f","description":"L1"},{"__meta":{"schema_version":-1,"schema_name":"ColumnSpecsBase","schema_type":"Iced"},"name":"l2","type":"double","format":"%5f","description":"L2"},{"__meta":{"schema_version":-1,"schema_name":"ColumnSpecsBase","schema_type":"Iced"},"name":"mean_rate","type":"double","format":"%5f","description":"Mean Rate"},{"__meta":{"schema_version":-1,"schema_name":"ColumnSpecsBase","schema_type":"Iced"},"name":"rate_rms","type":"double","format":"%5f","description":"Rate RMS"},{"__meta":{"schema_version":-1,"schema_name":"ColumnSpecsBase","schema_type":"Iced"},"name":"momentum","type":"double","format":"%5f","description":"Momentum"},{"__meta":{"schema_version":-1,"schema_name":"ColumnSpecsBase","schema_type":"Iced"},"name":"mean_weight","type":"double","format":"%5f","description":"Mean Weight"},{"__meta":{"schema_version":-1,"schema_name":"ColumnSpecsBase","schema_type":"Iced"},"name":"weight_rms","type":"double","format":"%5f","description":"Weight RMS"},{"__meta":{"schema_version":-1,"schema_name":"ColumnSpecsBase","schema_type":"Iced"},"name":"mean_bias","type":"double","format":"%5f","description":"Mean Bias"},{"__meta":{"schema_version":-1,"schema_name":"ColumnSpecsBase","schema_type":"Iced"},"name":"bias_rms","type":"double","format":"%5f","description":"Bias RMS"}],"rowcount":4,"data":[["","","",""],[1,2,3,4],[39,200,200,1],["Input","Rectifier","Rectifier","Linear"],[0.0,0,0,null],[null,0.0,0.0,0.0],[null,0.0,0.0,0.0],[null,0.8747804189320558,0.8556198273262359,0.17211544010904617],[null,0.12436127662658691,0.232047438621521,0.14203089475631714],[null,0.0,0.0,0.0],[null,-0.005624405644184429,-0.020947535303452433,6.912192757090452E-4],[null,0.11743238568305969,0.07155132293701172,0.02909371256828308],[null,0.299067185706023,0.9659061556604958,0.002020752914539687],[null,0.09879186749458313,0.04798154532909393,1.0971281125650402E-154]]},"scoring_history":{"__meta":{"schema_version":3,"schema_name":"TwoDimTableV3","schema_type":"TwoDimTable"},"name":"Scoring History","description":"","columns":[{"__meta":{"schema_version":-1,"schema_name":"ColumnSpecsBase","schema_type":"Iced"},"name":"","type":"string","format":"%s","description":""},{"__meta":{"schema_version":-1,"schema_name":"ColumnSpecsBase","schema_type":"Iced"},"name":"timestamp","type":"string","format":"%s","description":"Timestamp"},{"__meta":{"schema_version":-1,"schema_name":"ColumnSpecsBase","schema_type":"Iced"},"name":"duration","type":"string","format":"%s","description":"Duration"},{"__meta":{"schema_version":-1,"schema_name":"ColumnSpecsBase","schema_type":"Iced"},"name":"training_speed","type":"string","format":"%s","description":"Training Speed"},{"__meta":{"schema_version":-1,"schema_name":"ColumnSpecsBase","schema_type":"Iced"},"name":"epochs","type":"double","format":"%.5f","description":"Epochs"},{"__meta":{"schema_version":-1,"schema_name":"ColumnSpecsBase","schema_type":"Iced"},"name":"iterations","type":"int","format":"%d","description":"Iterations"},{"__meta":{"schema_version":-1,"schema_name":"ColumnSpecsBase","schema_type":"Iced"},"name":"samples","type":"double","format":"%f","description":"Samples"},{"__meta":{"schema_version":-1,"schema_name":"ColumnSpecsBase","schema_type":"Iced"},"name":"training_rmse","type":"double","format":"%.5f","description":"Training RMSE"},{"__meta":{"schema_version":-1,"schema_name":"ColumnSpecsBase","schema_type":"Iced"},"name":"training_deviance","type":"double","format":"%.5f","description":"Training Deviance"},{"__meta":{"schema_version":-1,"schema_name":"ColumnSpecsBase","schema_type":"Iced"},"name":"training_mae","type":"double","format":"%.5f","description":"Training MAE"},{"__meta":{"schema_version":-1,"schema_name":"ColumnSpecsBase","schema_type":"Iced"},"name":"training_r2","type":"double","format":"%.5f","description":"Training r2"},{"__meta":{"schema_version":-1,"schema_name":"ColumnSpecsBase","schema_type":"Iced"},"name":"validation_rmse","type":"double","format":"%.5f","description":"Validation RMSE"},{"__meta":{"schema_version":-1,"schema_name":"ColumnSpecsBase","schema_type":"Iced"},"name":"validation_deviance","type":"double","format":"%.5f","description":"Validation Deviance"},{"__meta":{"schema_version":-1,"schema_name":"ColumnSpecsBase","schema_type":"Iced"},"name":"validation_mae","type":"double","format":"%.5f","description":"Validation MAE"},{"__meta":{"schema_version":-1,"schema_name":"ColumnSpecsBase","schema_type":"Iced"},"name":"validation_r2","type":"double","format":"%.5f","description":"Validation r2"}],"rowcount":9,"data":[["","","","","","","","",""],["2020-07-19 18:44:14","2020-07-19 18:44:14","2020-07-19 18:44:19","2020-07-19 18:44:24","2020-07-19 18:44:29","2020-07-19 18:44:34","2020-07-19 18:44:39","2020-07-19 18:44:45","2020-07-19 18:44:50"],[" 0.000 sec"," 0.313 sec"," 5.373 sec","10.418 sec","15.434 sec","20.484 sec","25.541 sec","30.536 sec","35.595 sec"],[null,"2222 obs/sec","3790 obs/sec","5142 obs/sec","6077 obs/sec","6727 obs/sec","7141 obs/sec","7484 obs/sec","7809 obs/sec"],[0.0,10.0,370.0,980.0,1720.0,2530.0,3350.0,4200.0,5110.0],[0,1,37,98,172,253,335,420,511],[0.0,540.0,19980.0,52920.0,92880.0,136620.0,180900.0,226800.0,275940.0],["NaN",0.062443033154201064,0.00455130224173488,0.0016967322041680567,0.0012598402713324458,0.0019256284743563688,0.001742774036134037,0.0013542136647202165,0.0016163389708739432],["NaN",0.003899132389496653,2.0714352095620938E-5,2.8789001726609918E-6,1.5871975092710105E-6,3.7080450212520364E-6,3.037261341022922E-6,1.833894649714959E-6,2.612551668765838E-6],["NaN",0.04726061962641896,0.0028932730732575762,0.0011796617753918773,9.083103798420664E-4,0.0014248650867948016,0.0014065843036870493,9.060746201102891E-4,0.001272146367026753],["NaN",0.5660281371471275,0.9976945009636138,0.9996795795715318,0.9998233455571631,0.999587296084188,0.9996619540373429,0.999795888264898,0.9997092240526257],["NaN",0.08206451612356368,0.012920457061524554,0.007877196087802775,0.006423199287306309,0.005543346941597353,0.005672962181523428,0.006117094508668512,0.0055398467382166295],["NaN",0.0067345848065946436,1.669382106786997E-4,6.205021820569535E-5,4.125748908445228E-5,3.072869531491673E-5,3.218249991299505E-5,3.741884522798246E-5,3.0689901882929426E-5],["NaN",0.06741741951021314,0.010101735847943804,0.00670025114607305,0.005315215562765895,0.004547457375810787,0.004516595787301723,0.005004281423510969,0.00443330109849219],["NaN",0.34807478819890536,0.983839949829151,0.9939933785366485,0.9960061684450948,0.9970253828889448,0.9968846508471431,0.9963777590896594,0.9970291381934056]]},"training_metrics":{"__meta":{"schema_version":3,"schema_name":"ModelMetricsRegressionV3","schema_type":"ModelMetricsRegression"},"model":{"__meta":{"schema_version":3,"schema_name":"ModelKeyV3","schema_type":"Key<Model>"},"name":"DeepLearning_model_R_1595174110316_107","type":"Key<Model>","URL":"/3/Models/DeepLearning_model_R_1595174110316_107"},"model_checksum":7303057380226826620,"frame":null,"frame_checksum":0,"description":"Metrics reported on full training frame","model_category":"Regression","scoring_time":1595180690068,"predictions":null,"MSE":2.612551668765838E-6,"RMSE":0.0016163389708739432,"nobs":54,"custom_metric_name":null,"custom_metric_value":0.0,"r2":0.9997092240526257,"mean_residual_deviance":2.612551668765838E-6,"mae":0.001272146367026753,"rmsle":0.0012901030009773655},"validation_metrics":{"__meta":{"schema_version":3,"schema_name":"ModelMetricsRegressionV3","schema_type":"ModelMetricsRegression"},"model":{"__meta":{"schema_version":3,"schema_name":"ModelKeyV3","schema_type":"Key<Model>"},"name":"DeepLearning_model_R_1595174110316_107","type":"Key<Model>","URL":"/3/Models/DeepLearning_model_R_1595174110316_107"},"model_checksum":7303057380226826620,"frame":null,"frame_checksum":0,"description":"Metrics reported on full validation frame","model_category":"Regression","scoring_time":1595180690070,"predictions":null,"MSE":3.0689901882929426E-5,"RMSE":0.0055398467382166295,"nobs":12,"custom_metric_name":null,"custom_metric_value":0.0,"r2":0.9970291381934056,"mean_residual_deviance":3.0689901882929426E-5,"mae":0.00443330109849219,"rmsle":0.004663733668663802},"cross_validation_metrics":null,"cross_validation_metrics_summary":null,"status":null,"start_time":1595180654503,"end_time":1595180690123,"run_time":35620,"help":{"run_time":"Runtime in milliseconds", "biases":"Frame keys for bias vectors", "domains":"Domains for categorical columns", "__meta":"Metadata on this schema instance, to make it self-describing.", "scoring_history":"Scoring history", "help":"Help information for output fields", "normrespsub":"Normalization/Standardization offsets for numeric response", "training_metrics":"Training data model metrics", "normsub":"Normalization/Standardization offsets for numeric predictors", "cross_validation_models":"Cross-validation models (model ids)", "cross_validation_predictions":"Cross-validation predictions, one per cv model (deprecated, use cross_validation_holdout_predictions_frame_id instead)", "cross_validation_holdout_predictions_frame_id":"Cross-validation holdout predictions (full out-of-sample predictions on training data)", "cross_validation_metrics_summary":"Cross-validation model metrics summary", "status":"Job status", "model_category":"Category of the model (e.g., Binomial)", "variable_importances":"Variable Importances", "catoffsets":"Categorical offsets for one-hot encoding", "model_summary":"Model summary", "weights":"Frame keys for weight matrices", "names":"Column names", "normrespmul":"Normalization/Standardization multipliers for numeric response", "original_names":"Original column names", "column_types":"Column types", "normmul":"Normalization/Standardization multipliers for numeric predictors", "cross_validation_fold_assignment_frame_id":"Cross-validation fold assignment (each row is assigned to one holdout fold)", "cross_validation_metrics":"Cross-validation model metrics", "validation_metrics":"Validation data model metrics", "start_time":"Start time in milliseconds", "end_time":"End time in milliseconds"},"weights":null,"biases":null,"normmul":null,"normsub":null,"normrespmul":null,"normrespsub":null,"catoffsets":null,"variable_importances":{"__meta":{"schema_version":3,"schema_name":"TwoDimTableV3","schema_type":"TwoDimTable"},"name":"Variable Importances","description":"","columns":[{"__meta":{"schema_version":-1,"schema_name":"ColumnSpecsBase","schema_type":"Iced"},"name":"variable","type":"string","format":"%s","description":"Variable"},{"__meta":{"schema_version":-1,"schema_name":"ColumnSpecsBase","schema_type":"Iced"},"name":"relative_importance","type":"double","format":"%5f","description":"Relative Importance"},{"__meta":{"schema_version":-1,"schema_name":"ColumnSpecsBase","schema_type":"Iced"},"name":"scaled_importance","type":"double","format":"%5f","description":"Scaled Importance"},{"__meta":{"schema_version":-1,"schema_name":"ColumnSpecsBase","schema_type":"Iced"},"name":"percentage","type":"double","format":"%5f","description":"Percentage"}],"rowcount":39,"data":[["X3.Cl.AHPC.st","ZM.447439.st","birinapant.st","belinostat.st","Epothilone.B.st","TW.37.st","phenformin.st","TPCA.1.st","SN.38.st","GW.441756.st","KU.0063794.st","GSK429286A.st","AUY922.st","brefeldin.A.st","JW.7.24.1.st","CUDC.101.st","SNX.2112.st","Vinblastine.st","Vorinostat.st","AT13387.st","BAY.61.3606.st","AT7867.st","Doxorubicin.st","fluvastatin.st","embelin.st","XL.184.st","JQ.1.st","Topotecan.st","Irinotecan.st","BMS.754807.st","GSK2636771.st","Cytarabine.st","NVP.231.st","SCH.79797.st","necrosulfonamide.st","Bosutinib.st","vincristine.st","isoevodiamine.st","CAY10603.st"],[1.0,0.9625442028045654,0.8581529855728149,0.8478872179985046,0.8209254741668701,0.8109310865402222,0.810130774974823,0.7846349477767944,0.7818403244018555,0.7750433683395386,0.7696637511253357,0.7506682872772217,0.7485931515693665,0.7392829656600952,0.7340018153190613,0.7334167957305908,0.7295239567756653,0.7284384369850159,0.7153061032295227,0.7112669348716736,0.7083216905593872,0.7065690755844116,0.7000309824943542,0.6913517117500305,0.686854362487793,0.6855722069740295,0.6832764744758606,0.6805270910263062,0.6755619645118713,0.6675355434417725,0.6656088829040527,0.6636717915534973,0.6583926677703857,0.6364783048629761,0.6329670548439026,0.6231773495674133,0.6003546118736267,0.5840478539466858,0.5742183327674866],[1.0,0.9625442028045654,0.8581529855728149,0.8478872179985046,0.8209254741668701,0.8109310865402222,0.810130774974823,0.7846349477767944,0.7818403244018555,0.7750433683395386,0.7696637511253357,0.7506682872772217,0.7485931515693665,0.7392829656600952,0.7340018153190613,0.7334167957305908,0.7295239567756653,0.7284384369850159,0.7153061032295227,0.7112669348716736,0.7083216905593872,0.7065690755844116,0.7000309824943542,0.6913517117500305,0.686854362487793,0.6855722069740295,0.6832764744758606,0.6805270910263062,0.6755619645118713,0.6675355434417725,0.6656088829040527,0.6636717915534973,0.6583926677703857,0.6364783048629761,0.6329670548439026,0.6231773495674133,0.6003546118736267,0.5840478539466858,0.5742183327674866],[0.035289836531723254,0.033968027571530994,0.030284078580074904,0.02992180132050483,0.028970325788076248,0.028617625482497164,0.02858938261817978,0.02768963904412029,0.02759101724205096,0.02735115377369849,0.027161307961606027,0.026490961147561824,0.026417729947650473,0.026089175008832337,0.025902804076597796,0.025882158830952816,0.02574478118058917,0.025706473364625202,0.025243035453113818,0.02510049386204121,0.02499655667171464,0.0249347071757447,0.024703978939367384,0.024397688893585633,0.024238978173295202,0.024193731114806244,0.0241127150902253,0.024015689797727495,0.023840471294673767,0.023557220207175197,0.023489228671746947,0.02342086903463883,0.023234569619302092,0.022461215334602744,0.02233730389540763,0.021991826796506575,0.021186416114086448,0.02061095329248232,0.020264071096883267]]}},"compatible_frames":null}
